{"time":"11:12:01","requestId":123456,"requestStatus":"ongoing","requestMessage":"Waiting for response"}
{"time":"11:12:02","requestId":123456,"requestStatus":"completed","requestMessage":[{"cablnkDistName":"/MRBTS-1/RAT-1/BTS_L-1/HWTOP_L-1/CABLNK_L-12","source":"/MRBTS-1/RAT-1/RUNTIME_VIEW-1/MRBTS_R-1/EQM_R-1/APEQM_R-1/RMOD_R-1/SFP_R-1","destination":"/MRBTS-1/RAT-1/RUNTIME_VIEW-1/MRBTS_R-1/EQM_R-1/APEQM_R-1/CABINET_R-1/BBMOD_R-1/SFP_R-1","data":{"linkPorts":{"source":"RMOD_R-1/SFP_R-1 (OPT_IF1)","destination":"BBMOD_R-1/SFP_R-1 (RF1)"},"linkType":"RP3_01Link","linkSpeed":"Obsai6Gbps","measurements":{"TXSupplyVoltage":{"source":3299,"destination":3191,"unit":"mV"},"TXBiasCurrent":{"source":32,"destination":37,"unit":"mA"},"TXPower":{"source":-1.979,"initialSource":0.634,"destination":-2.19,"initialDestination":0.604,"unit":"dBm","initialUnit":"mW"},"RXOpticalPower":{"source":-2.02,"initialSource":0.628,"destination":-2.924,"initialDestination":0.51,"unit":"dBm","initialUnit":"mW"},"moduleTemperature":{"source":38,"destination":39,"unit":"°C"}}},"details":{"hardwareParameters":{"connectorType":{"source":"LC","destination":"LC"},"complianceCode":{"source":null,"destination":null},"serialNumber":{"source":"FR184803028","destination":"FR184803029"},"vendorPartNumber":{"source":"WTD_RTXM228-601","destination":"WTD_RTXM228-601"},"vendorRevision":{"source":null,"destination":null}},"staticParameters":{"waveLength":{"source":"1310","destination":"1310","unit":"nm"},"transmissionMode":{"source":null,"destination":null},"transmissionRate":{"source":"6100","destination":"6100"},"transmissionDistance":{"source":"50.00","destination":"50.00","unit":"m"},"maxTransmissionDistanceList":[{"maxLinkLengthType":"Length (SMF,km)","sourceMaxLinkLength":{"maxLinkLength":"2000 in m units","maxLinkLengthType":"Length (SMF,km)"},"destinationMaxLinkLength":{"maxLinkLength":"2000 in m units","maxLinkLengthType":"Length (SMF,km)"}},{"maxLinkLengthType":"Length (SMF)","sourceMaxLinkLength":{"maxLinkLength":"2000 in m units","maxLinkLengthType":"Length (SMF)"},"destinationMaxLinkLength":{"maxLinkLength":"2000 in m units","maxLinkLengthType":"Length (SMF)"}},{"maxLinkLengthType":"Length (50um)","sourceMaxLinkLength":{"maxLinkLength":"N/A","maxLinkLengthType":"Length (50um)"},"destinationMaxLinkLength":{"maxLinkLength":"N/A","maxLinkLengthType":"Length (50um)"}},{"maxLinkLengthType":"Length (62.5um)","sourceMaxLinkLength":{"maxLinkLength":"N/A","maxLinkLengthType":"Length (62.5um)"},"destinationMaxLinkLength":{"maxLinkLength":"N/A","maxLinkLengthType":"Length (62.5um)"}},{"maxLinkLengthType":"Length (OM4 or copper cable)","sourceMaxLinkLength":{"maxLinkLength":"N/A","maxLinkLengthType":"Length (OM4 or copper cable)"},"destinationMaxLinkLength":{"maxLinkLength":"N/A","maxLinkLengthType":"Length (OM4 or copper cable)"}},{"maxLinkLengthType":"Length (OM3)","sourceMaxLinkLength":{"maxLinkLength":"N/A","maxLinkLengthType":"Length (OM3)"},"destinationMaxLinkLength":{"maxLinkLength":"N/A","maxLinkLengthType":"Length (OM3)"}}]},"thresholds":{"txPowerHighAlarmThreshold":{"source":"1","destination":"1","unit":"dBm"},"txPowerHighWarnThreshold":{"source":"0","destination":"0","unit":"dBm"},"txPowerLowAlarmThreshold":{"source":"-9","destination":"-9","unit":"dBm"},"txPowerLowWarnThreshold":{"source":"-8","destination":"-8","unit":"dBm"},"rxPowerHighAlarmThreshold":{"source":"1","destination":"1","unit":"dBm"},"rxPowerHighWarnThreshold":{"source":"0","destination":"0","unit":"dBm"},"rxPowerLowAlarmThreshold":{"source":"-18","destination":"-18","unit":"dBm"},"rxPowerLowWarnThreshold":{"source":"-14","destination":"-14","unit":"dBm"},"temperatureHighAlarmThreshold":{"source":"95","destination":"95","unit":"°C"},"temperatureLowAlarmThreshold":{"source":"-40","destination":"-40","unit":"°C"}}}},{"cablnkDistName":"/MRBTS-1/RAT-1/BTS_L-1/HWTOP_L-1/CABLNK_L-17","source":"/MRBTS-1/RAT-1/RUNTIME_VIEW-1/MRBTS_R-1/EQM_R-1/APEQM_R-1/RMOD_R-2/SFP_R-1","destination":"/MRBTS-1/RAT-1/RUNTIME_VIEW-1/MRBTS_R-1/EQM_R-1/APEQM_R-1/CABINET_R-1/BBMOD_R-1/SFP_R-3","data":{"linkPorts":{"source":"RMOD_R-2/SFP_R-1 (OPT_IF1)","destination":"BBMOD_R-1/SFP_R-3 (RF3)"},"linkType":"RP3_01Link","linkSpeed":"Obsai6Gbps","measurements":{"TXSupplyVoltage":{"source":3324,"destination":3191,"unit":"mV"},"TXBiasCurrent":{"source":34,"destination":34,"unit":"mA"},"TXPower":{"source":-2.013,"initialSource":0.629,"destination":-2.041,"initialDestination":0.625,"unit":"dBm","initialUnit":"mW"},"RXOpticalPower":{"source":-2.652,"initialSource":0.543,"destination":-3.098,"initialDestination":0.49,"unit":"dBm","initialUnit":"mW"},"moduleTemperature":{"source":42,"destination":39,"unit":"°C"}}},"details":{"hardwareParameters":{"connectorType":{"source":"LC","destination":"LC"},"complianceCode":{"source":null,"destination":null},"serialNumber":{"source":"FR184803031","destination":"FR184803033"},"vendorPartNumber":{"source":"WTD_RTXM228-601","destination":"WTD_RTXM228-601"},"vendorRevision":{"source":null,"destination":null}},"staticParameters":{"waveLength":{"source":"1310","destination":"1310","unit":"nm"},"transmissionMode":{"source":null,"destination":null},"transmissionRate":{"source":"6100","destination":"6100"},"transmissionDistance":{"source":"51.00","destination":"51.00","unit":"m"},"maxTransmissionDistanceList":[{"maxLinkLengthType":"Length (SMF,km)","sourceMaxLinkLength":{"maxLinkLength":"2000 in m units","maxLinkLengthType":"Length (SMF,km)"},"destinationMaxLinkLength":{"maxLinkLength":"2000 in m units","maxLinkLengthType":"Length (SMF,km)"}},{"maxLinkLengthType":"Length (SMF)","sourceMaxLinkLength":{"maxLinkLength":"2000 in m units","maxLinkLengthType":"Length (SMF)"},"destinationMaxLinkLength":{"maxLinkLength":"2000 in m units","maxLinkLengthType":"Length (SMF)"}},{"maxLinkLengthType":"Length (50um)","sourceMaxLinkLength":{"maxLinkLength":"N/A","maxLinkLengthType":"Length (50um)"},"destinationMaxLinkLength":{"maxLinkLength":"N/A","maxLinkLengthType":"Length (50um)"}},{"maxLinkLengthType":"Length (62.5um)","sourceMaxLinkLength":{"maxLinkLength":"N/A","maxLinkLengthType":"Length (62.5um)"},"destinationMaxLinkLength":{"maxLinkLength":"N/A","maxLinkLengthType":"Length (62.5um)"}},{"maxLinkLengthType":"Length (OM4 or copper cable)","sourceMaxLinkLength":{"maxLinkLength":"N/A","maxLinkLengthType":"Length (OM4 or copper cable)"},"destinationMaxLinkLength":{"maxLinkLength":"N/A","maxLinkLengthType":"Length (OM4 or copper cable)"}},{"maxLinkLengthType":"Length (OM3)","sourceMaxLinkLength":{"maxLinkLength":"N/A","maxLinkLengthType":"Length (OM3)"},"destinationMaxLinkLength":{"maxLinkLength":"N/A","maxLinkLengthType":"Length (OM3)"}}]},"thresholds":{"txPowerHighAlarmThreshold":{"source":"1","destination":"1","unit":"dBm"},"txPowerHighWarnThreshold":{"source":"0","destination":"0","unit":"dBm"},"txPowerLowAlarmThreshold":{"source":"-9","destination":"-9","unit":"dBm"},"txPowerLowWarnThreshold":{"source":"-8","destination":"-8","unit":"dBm"},"rxPowerHighAlarmThreshold":{"source":"1","destination":"1","unit":"dBm"},"rxPowerHighWarnThreshold":{"source":"0","destination":"0","unit":"dBm"},"rxPowerLowAlarmThreshold":{"source":"-18","destination":"-18","unit":"dBm"},"rxPowerLowWarnThreshold":{"source":"-14","destination":"-14","unit":"dBm"},"temperatureHighAlarmThreshold":{"source":"95","destination":"95","unit":"°C"},"temperatureLowAlarmThreshold":{"source":"-40","destination":"-40","unit":"°C"}}}},{"cablnkDistName":"/MRBTS-1/RAT-1/BTS_L-1/HWTOP_L-1/CABLNK_L-18","source":"/MRBTS-1/RAT-1/RUNTIME_VIEW-1/MRBTS_R-1/EQM_R-1/APEQM_R-1/RMOD_R-3/SFP_R-1","destination":"/MRBTS-1/RAT-1/RUNTIME_VIEW-1/MRBTS_R-1/EQM_R-1/APEQM_R-1/CABINET_R-1/BBMOD_R-1/SFP_R-2","data":{"linkPorts":{"source":"RMOD_R-3/SFP_R-1 (OPT_IF1)","destination":"BBMOD_R-1/SFP_R-2 (RF2)"},"linkType":"RP3_01Link","linkSpeed":"Obsai6Gbps","measurements":{"TXSupplyVoltage":{"source":3334,"destination":3221,"unit":"mV"},"TXBiasCurrent":{"source":37,"destination":38,"unit":"mA"},"TXPower":{"source":-2.248,"initialSource":0.596,"destination":-2.48,"initialDestination":0.565,"unit":"dBm","initialUnit":"mW"},"RXOpticalPower":{"source":-1.29,"initialSource":0.743,"destination":-3.655,"initialDestination":0.431,"unit":"dBm","initialUnit":"mW"},"moduleTemperature":{"source":43,"destination":39,"unit":"°C"}}},"details":{"hardwareParameters":{"connectorType":{"source":"LC","destination":"LC"},"complianceCode":{"source":null,"destination":null},"serialNumber":{"source":"FR184803032","destination":"FR184803030"},"vendorPartNumber":{"source":"WTD_RTXM228-601","destination":"WTD_RTXM228-601"},"vendorRevision":{"source":null,"destination":null}},"staticParameters":{"waveLength":{"source":"1310","destination":"1310","unit":"nm"},"transmissionMode":{"source":null,"destination":null},"transmissionRate":{"source":"6100","destination":"6100"},"transmissionDistance":{"source":"51.00","destination":"51.00","unit":"m"},"maxTransmissionDistanceList":[{"maxLinkLengthType":"Length (SMF,km)","sourceMaxLinkLength":{"maxLinkLength":"2000 in m units","maxLinkLengthType":"Length (SMF,km)"},"destinationMaxLinkLength":{"maxLinkLength":"2000 in m units","maxLinkLengthType":"Length (SMF,km)"}},{"maxLinkLengthType":"Length (SMF)","sourceMaxLinkLength":{"maxLinkLength":"2000 in m units","maxLinkLengthType":"Length (SMF)"},"destinationMaxLinkLength":{"maxLinkLength":"2000 in m units","maxLinkLengthType":"Length (SMF)"}},{"maxLinkLengthType":"Length (50um)","sourceMaxLinkLength":{"maxLinkLength":"N/A","maxLinkLengthType":"Length (50um)"},"destinationMaxLinkLength":{"maxLinkLength":"N/A","maxLinkLengthType":"Length (50um)"}},{"maxLinkLengthType":"Length (62.5um)","sourceMaxLinkLength":{"maxLinkLength":"N/A","maxLinkLengthType":"Length (62.5um)"},"destinationMaxLinkLength":{"maxLinkLength":"N/A","maxLinkLengthType":"Length (62.5um)"}},{"maxLinkLengthType":"Length (OM4 or copper cable)","sourceMaxLinkLength":{"maxLinkLength":"N/A","maxLinkLengthType":"Length (OM4 or copper cable)"},"destinationMaxLinkLength":{"maxLinkLength":"N/A","maxLinkLengthType":"Length (OM4 or copper cable)"}},{"maxLinkLengthType":"Length (OM3)","sourceMaxLinkLength":{"maxLinkLength":"N/A","maxLinkLengthType":"Length (OM3)"},"destinationMaxLinkLength":{"maxLinkLength":"N/A","maxLinkLengthType":"Length (OM3)"}}]},"thresholds":{"txPowerHighAlarmThreshold":{"source":"1","destination":"1","unit":"dBm"},"txPowerHighWarnThreshold":{"source":"0","destination":"0","unit":"dBm"},"txPowerLowAlarmThreshold":{"source":"-9","destination":"-9","unit":"dBm"},"txPowerLowWarnThreshold":{"source":"-8","destination":"-8","unit":"dBm"},"rxPowerHighAlarmThreshold":{"source":"1","destination":"1","unit":"dBm"},"rxPowerHighWarnThreshold":{"source":"0","destination":"0","unit":"dBm"},"rxPowerLowAlarmThreshold":{"source":"-18","destination":"-18","unit":"dBm"},"rxPowerLowWarnThreshold":{"source":"-14","destination":"-14","unit":"dBm"},"temperatureHighAlarmThreshold":{"source":"95","destination":"95","unit":"°C"},"temperatureLowAlarmThreshold":{"source":"-40","destination":"-40","unit":"°C"}}}}]}
