{"time":"11:14:12","requestId":123456,"requestStatus":"ongoing","requestMessage":"Waiting for response"}
{"time":"11:14:13","requestId":123456,"requestStatus":"completed","requestMessage":[{"cablnkDistName":"/MRBTS-1/RAT-1/BTS_L-1/HWTOP_L-1/CABLNK_L-12","source":"/MRBTS-1/RAT-1/RUNTIME_VIEW-1/MRBTS_R-1/EQM_R-1/APEQM_R-1/RMOD_R-1/SFP_R-1","destination":"/MRBTS-1/RAT-1/RUNTIME_VIEW-1/MRBTS_R-1/EQM_R-1/APEQM_R-1/CABINET_R-1/BBMOD_R-1/SFP_R-2","data":{"linkPorts":{"source":"RMOD_R-1/SFP_R-1 (OPT_IF1)","destination":"BBMOD_R-1/SFP_R-2 (RF3)"},"linkType":"RP3_01Link","linkSpeed":"Obsai6Gbps","measurements":{"TXSupplyVoltage":{"source":3349,"destination":3201,"unit":"mV"},"TXBiasCurrent":{"source":40,"destination":35,"unit":"mA"},"TXPower":{"source":-2.048,"initialSource":0.624,"destination":-1.451,"initialDestination":0.716,"unit":"dBm","initialUnit":"mW"},"RXOpticalPower":{"source":-1.215,"initialSource":0.756,"destination":-2.62,"initialDestination":0.547,"unit":"dBm","initialUnit":"mW"},"moduleTemperature":{"source":55,"destination":34,"unit":"°C"}}},"details":{"hardwareParameters":{"connectorType":{"source":"LC","destination":"LC"},"complianceCode":{"source":null,"destination":null},"serialNumber":{"source":"FR184525147","destination":"FR184525150"},"vendorPartNumber":{"source":"WTD_RTXM228-601","destination":"WTD_RTXM228-601"},"vendorRevision":{"source":null,"destination":null}},"staticParameters":{"waveLength":{"source":"1310","destination":"1310","unit":"nm"},"transmissionMode":{"source":null,"destination":null},"transmissionRate":{"source":"6100","destination":"6100"},"transmissionDistance":{"source":"71.00","destination":"71.00","unit":"m"},"maxTransmissionDistanceList":[{"maxLinkLengthType":"Length (SMF,km)","sourceMaxLinkLength":{"maxLinkLength":"2000 in m units","maxLinkLengthType":"Length (SMF,km)"},"destinationMaxLinkLength":{"maxLinkLength":"2000 in m units","maxLinkLengthType":"Length (SMF,km)"}},{"maxLinkLengthType":"Length (SMF)","sourceMaxLinkLength":{"maxLinkLength":"2000 in m units","maxLinkLengthType":"Length (SMF)"},"destinationMaxLinkLength":{"maxLinkLength":"2000 in m units","maxLinkLengthType":"Length (SMF)"}},{"maxLinkLengthType":"Length (50um)","sourceMaxLinkLength":{"maxLinkLength":"N/A","maxLinkLengthType":"Length (50um)"},"destinationMaxLinkLength":{"maxLinkLength":"N/A","maxLinkLengthType":"Length (50um)"}},{"maxLinkLengthType":"Length (62.5um)","sourceMaxLinkLength":{"maxLinkLength":"N/A","maxLinkLengthType":"Length (62.5um)"},"destinationMaxLinkLength":{"maxLinkLength":"N/A","maxLinkLengthType":"Length (62.5um)"}},{"maxLinkLengthType":"Length (OM4 or copper cable)","sourceMaxLinkLength":{"maxLinkLength":"N/A","maxLinkLengthType":"Length (OM4 or copper cable)"},"destinationMaxLinkLength":{"maxLinkLength":"N/A","maxLinkLengthType":"Length (OM4 or copper cable)"}},{"maxLinkLengthType":"Length (OM3)","sourceMaxLinkLength":{"maxLinkLength":"N/A","maxLinkLengthType":"Length (OM3)"},"destinationMaxLinkLength":{"maxLinkLength":"N/A","maxLinkLengthType":"Length (OM3)"}}]},"thresholds":{"txPowerHighAlarmThreshold":{"source":"1","destination":"1","unit":"dBm"},"txPowerHighWarnThreshold":{"source":"0","destination":"0","unit":"dBm"},"txPowerLowAlarmThreshold":{"source":"-9","destination":"-9","unit":"dBm"},"txPowerLowWarnThreshold":{"source":"-8","destination":"-8","unit":"dBm"},"rxPowerHighAlarmThreshold":{"source":"1","destination":"1","unit":"dBm"},"rxPowerHighWarnThreshold":{"source":"0","destination":"0","unit":"dBm"},"rxPowerLowAlarmThreshold":{"source":"-18","destination":"-18","unit":"dBm"},"rxPowerLowWarnThreshold":{"source":"-14","destination":"-14","unit":"dBm"},"temperatureHighAlarmThreshold":{"source":"95","destination":"95","unit":"°C"},"temperatureLowAlarmThreshold":{"source":"-40","destination":"-40","unit":"°C"}}}},{"cablnkDistName":"/MRBTS-1/RAT-1/BTS_L-1/HWTOP_L-1/CABLNK_L-20","source":"/MRBTS-1/RAT-1/RUNTIME_VIEW-1/MRBTS_R-1/EQM_R-1/APEQM_R-1/RMOD_R-1/SFP_R-2","destination":"/MRBTS-1/RAT-1/RUNTIME_VIEW-1/MRBTS_R-1/EQM_R-1/APEQM_R-1/CABINET_R-1/BBMOD_R-1/SFP_R-3","data":{"linkPorts":{"source":"RMOD_R-1/SFP_R-2 (OPT_IF2)","destination":"BBMOD_R-1/SFP_R-3 (RF4)"},"linkType":"RP3_01Link","linkSpeed":"Obsai6Gbps","measurements":{"TXSupplyVoltage":{"source":3299,"destination":3182,"unit":"mV"},"TXBiasCurrent":{"source":37,"destination":35,"unit":"mA"},"TXPower":{"source":-2.865,"initialSource":0.517,"destination":-1.986,"initialDestination":0.633,"unit":"dBm","initialUnit":"mW"},"RXOpticalPower":{"source":-4.248,"initialSource":0.376,"destination":-4.802,"initialDestination":0.331,"unit":"dBm","initialUnit":"mW"},"moduleTemperature":{"source":54,"destination":34,"unit":"°C"}}},"details":{"hardwareParameters":{"connectorType":{"source":"LC","destination":"LC"},"complianceCode":{"source":null,"destination":null},"serialNumber":{"source":"FR184525148","destination":"FR184525152"},"vendorPartNumber":{"source":"WTD_RTXM228-601","destination":"WTD_RTXM228-601"},"vendorRevision":{"source":null,"destination":null}},"staticParameters":{"waveLength":{"source":"1310","destination":"1310","unit":"nm"},"transmissionMode":{"source":null,"destination":null},"transmissionRate":{"source":"6100","destination":"6100"},"transmissionDistance":{"source":"0.00","destination":"0.00","unit":"m"},"maxTransmissionDistanceList":[{"maxLinkLengthType":"Length (SMF,km)","sourceMaxLinkLength":{"maxLinkLength":"2000 in m units","maxLinkLengthType":"Length (SMF,km)"},"destinationMaxLinkLength":{"maxLinkLength":"2000 in m units","maxLinkLengthType":"Length (SMF,km)"}},{"maxLinkLengthType":"Length (SMF)","sourceMaxLinkLength":{"maxLinkLength":"2000 in m units","maxLinkLengthType":"Length (SMF)"},"destinationMaxLinkLength":{"maxLinkLength":"2000 in m units","maxLinkLengthType":"Length (SMF)"}},{"maxLinkLengthType":"Length (50um)","sourceMaxLinkLength":{"maxLinkLength":"N/A","maxLinkLengthType":"Length (50um)"},"destinationMaxLinkLength":{"maxLinkLength":"N/A","maxLinkLengthType":"Length (50um)"}},{"maxLinkLengthType":"Length (62.5um)","sourceMaxLinkLength":{"maxLinkLength":"N/A","maxLinkLengthType":"Length (62.5um)"},"destinationMaxLinkLength":{"maxLinkLength":"N/A","maxLinkLengthType":"Length (62.5um)"}},{"maxLinkLengthType":"Length (OM4 or copper cable)","sourceMaxLinkLength":{"maxLinkLength":"N/A","maxLinkLengthType":"Length (OM4 or copper cable)"},"destinationMaxLinkLength":{"maxLinkLength":"N/A","maxLinkLengthType":"Length (OM4 or copper cable)"}},{"maxLinkLengthType":"Length (OM3)","sourceMaxLinkLength":{"maxLinkLength":"N/A","maxLinkLengthType":"Length (OM3)"},"destinationMaxLinkLength":{"maxLinkLength":"N/A","maxLinkLengthType":"Length (OM3)"}}]},"thresholds":{"txPowerHighAlarmThreshold":{"source":"1","destination":"1","unit":"dBm"},"txPowerHighWarnThreshold":{"source":"0","destination":"0","unit":"dBm"},"txPowerLowAlarmThreshold":{"source":"-9","destination":"-9","unit":"dBm"},"txPowerLowWarnThreshold":{"source":"-8","destination":"-8","unit":"dBm"},"rxPowerHighAlarmThreshold":{"source":"1","destination":"1","unit":"dBm"},"rxPowerHighWarnThreshold":{"source":"0","destination":"0","unit":"dBm"},"rxPowerLowAlarmThreshold":{"source":"-18","destination":"-18","unit":"dBm"},"rxPowerLowWarnThreshold":{"source":"-14","destination":"-14","unit":"dBm"},"temperatureHighAlarmThreshold":{"source":"95","destination":"95","unit":"°C"},"temperatureLowAlarmThreshold":{"source":"-40","destination":"-40","unit":"°C"}}}},{"cablnkDistName":"/MRBTS-1/RAT-1/BTS_L-1/HWTOP_L-1/CABLNK_L-18","source":"/MRBTS-1/RAT-1/RUNTIME_VIEW-1/MRBTS_R-1/EQM_R-1/APEQM_R-1/RMOD_R-2/SFP_R-1","destination":"/MRBTS-1/RAT-1/RUNTIME_VIEW-1/MRBTS_R-1/EQM_R-1/APEQM_R-1/CABINET_R-1/BBMOD_R-1/SFP_R-1","data":{"linkPorts":{"source":"RMOD_R-2/SFP_R-1 (OPT_IF1)","destination":"BBMOD_R-1/SFP_R-1 (RF1)"},"linkType":"RP3_01Link","linkSpeed":"Obsai6Gbps","measurements":{"TXSupplyVoltage":{"source":3344,"destination":3196,"unit":"mV"},"TXBiasCurrent":{"source":38,"destination":33,"unit":"mA"},"TXPower":{"source":-4.067,"initialSource":0.392,"destination":-2.013,"initialDestination":0.629,"unit":"dBm","initialUnit":"mW"},"RXOpticalPower":{"source":-3.179,"initialSource":0.481,"destination":-6.271,"initialDestination":0.236,"unit":"dBm","initialUnit":"mW"},"moduleTemperature":{"source":46,"destination":34,"unit":"°C"}}},"details":{"hardwareParameters":{"connectorType":{"source":"LC","destination":"LC"},"complianceCode":{"source":null,"destination":null},"serialNumber":{"source":"FR184525153","destination":"FR184525151"},"vendorPartNumber":{"source":"WTD_RTXM228-601","destination":"WTD_RTXM228-601"},"vendorRevision":{"source":null,"destination":null}},"staticParameters":{"waveLength":{"source":"1310","destination":"1310","unit":"nm"},"transmissionMode":{"source":null,"destination":null},"transmissionRate":{"source":"6100","destination":"6100"},"transmissionDistance":{"source":"71.00","destination":"71.00","unit":"m"},"maxTransmissionDistanceList":[{"maxLinkLengthType":"Length (SMF,km)","sourceMaxLinkLength":{"maxLinkLength":"2000 in m units","maxLinkLengthType":"Length (SMF,km)"},"destinationMaxLinkLength":{"maxLinkLength":"2000 in m units","maxLinkLengthType":"Length (SMF,km)"}},{"maxLinkLengthType":"Length (SMF)","sourceMaxLinkLength":{"maxLinkLength":"2000 in m units","maxLinkLengthType":"Length (SMF)"},"destinationMaxLinkLength":{"maxLinkLength":"2000 in m units","maxLinkLengthType":"Length (SMF)"}},{"maxLinkLengthType":"Length (50um)","sourceMaxLinkLength":{"maxLinkLength":"N/A","maxLinkLengthType":"Length (50um)"},"destinationMaxLinkLength":{"maxLinkLength":"N/A","maxLinkLengthType":"Length (50um)"}},{"maxLinkLengthType":"Length (62.5um)","sourceMaxLinkLength":{"maxLinkLength":"N/A","maxLinkLengthType":"Length (62.5um)"},"destinationMaxLinkLength":{"maxLinkLength":"N/A","maxLinkLengthType":"Length (62.5um)"}},{"maxLinkLengthType":"Length (OM4 or copper cable)","sourceMaxLinkLength":{"maxLinkLength":"N/A","maxLinkLengthType":"Length (OM4 or copper cable)"},"destinationMaxLinkLength":{"maxLinkLength":"N/A","maxLinkLengthType":"Length (OM4 or copper cable)"}},{"maxLinkLengthType":"Length (OM3)","sourceMaxLinkLength":{"maxLinkLength":"N/A","maxLinkLengthType":"Length (OM3)"},"destinationMaxLinkLength":{"maxLinkLength":"N/A","maxLinkLengthType":"Length (OM3)"}}]},"thresholds":{"txPowerHighAlarmThreshold":{"source":"1","destination":"1","unit":"dBm"},"txPowerHighWarnThreshold":{"source":"0","destination":"0","unit":"dBm"},"txPowerLowAlarmThreshold":{"source":"-9","destination":"-9","unit":"dBm"},"txPowerLowWarnThreshold":{"source":"-8","destination":"-8","unit":"dBm"},"rxPowerHighAlarmThreshold":{"source":"1","destination":"1","unit":"dBm"},"rxPowerHighWarnThreshold":{"source":"0","destination":"0","unit":"dBm"},"rxPowerLowAlarmThreshold":{"source":"-18","destination":"-18","unit":"dBm"},"rxPowerLowWarnThreshold":{"source":"-14","destination":"-14","unit":"dBm"},"temperatureHighAlarmThreshold":{"source":"95","destination":"95","unit":"°C"},"temperatureLowAlarmThreshold":{"source":"-40","destination":"-40","unit":"°C"}}}},{"cablnkDistName":"/MRBTS-1/RAT-1/BTS_L-1/HWTOP_L-1/CABLNK_L-19","source":"/MRBTS-1/RAT-1/RUNTIME_VIEW-1/MRBTS_R-1/EQM_R-1/APEQM_R-1/RMOD_R-2/SFP_R-2","destination":"/MRBTS-1/RAT-1/RUNTIME_VIEW-1/MRBTS_R-1/EQM_R-1/APEQM_R-1/CABINET_R-1/BBMOD_R-1/SFP_R-4","data":{"linkPorts":{"source":"RMOD_R-2/SFP_R-2 (OPT_IF2)","destination":"BBMOD_R-1/SFP_R-4 (RF2)"},"linkType":"RP3_01Link","linkSpeed":"Obsai6Gbps","measurements":{"TXSupplyVoltage":{"source":3329,"destination":3201,"unit":"mV"},"TXBiasCurrent":{"source":34,"destination":35,"unit":"mA"},"TXPower":{"source":-1.314,"initialSource":0.739,"destination":-2.027,"initialDestination":0.627,"unit":"dBm","initialUnit":"mW"},"RXOpticalPower":{"source":-2.154,"initialSource":0.609,"destination":-4.26,"initialDestination":0.375,"unit":"dBm","initialUnit":"mW"},"moduleTemperature":{"source":46,"destination":35,"unit":"°C"}}},"details":{"hardwareParameters":{"connectorType":{"source":"LC","destination":"LC"},"complianceCode":{"source":null,"destination":null},"serialNumber":{"source":"FR184525149","destination":"FR184525156"},"vendorPartNumber":{"source":"WTD_RTXM228-601","destination":"WTD_RTXM228-601"},"vendorRevision":{"source":null,"destination":null}},"staticParameters":{"waveLength":{"source":"1310","destination":"1310","unit":"nm"},"transmissionMode":{"source":null,"destination":null},"transmissionRate":{"source":"6100","destination":"6100"},"transmissionDistance":{"source":"0.00","destination":"0.00","unit":"m"},"maxTransmissionDistanceList":[{"maxLinkLengthType":"Length (SMF,km)","sourceMaxLinkLength":{"maxLinkLength":"2000 in m units","maxLinkLengthType":"Length (SMF,km)"},"destinationMaxLinkLength":{"maxLinkLength":"2000 in m units","maxLinkLengthType":"Length (SMF,km)"}},{"maxLinkLengthType":"Length (SMF)","sourceMaxLinkLength":{"maxLinkLength":"2000 in m units","maxLinkLengthType":"Length (SMF)"},"destinationMaxLinkLength":{"maxLinkLength":"2000 in m units","maxLinkLengthType":"Length (SMF)"}},{"maxLinkLengthType":"Length (50um)","sourceMaxLinkLength":{"maxLinkLength":"N/A","maxLinkLengthType":"Length (50um)"},"destinationMaxLinkLength":{"maxLinkLength":"N/A","maxLinkLengthType":"Length (50um)"}},{"maxLinkLengthType":"Length (62.5um)","sourceMaxLinkLength":{"maxLinkLength":"N/A","maxLinkLengthType":"Length (62.5um)"},"destinationMaxLinkLength":{"maxLinkLength":"N/A","maxLinkLengthType":"Length (62.5um)"}},{"maxLinkLengthType":"Length (OM4 or copper cable)","sourceMaxLinkLength":{"maxLinkLength":"N/A","maxLinkLengthType":"Length (OM4 or copper cable)"},"destinationMaxLinkLength":{"maxLinkLength":"N/A","maxLinkLengthType":"Length (OM4 or copper cable)"}},{"maxLinkLengthType":"Length (OM3)","sourceMaxLinkLength":{"maxLinkLength":"N/A","maxLinkLengthType":"Length (OM3)"},"destinationMaxLinkLength":{"maxLinkLength":"N/A","maxLinkLengthType":"Length (OM3)"}}]},"thresholds":{"txPowerHighAlarmThreshold":{"source":"1","destination":"1","unit":"dBm"},"txPowerHighWarnThreshold":{"source":"0","destination":"0","unit":"dBm"},"txPowerLowAlarmThreshold":{"source":"-9","destination":"-9","unit":"dBm"},"txPowerLowWarnThreshold":{"source":"-8","destination":"-8","unit":"dBm"},"rxPowerHighAlarmThreshold":{"source":"1","destination":"1","unit":"dBm"},"rxPowerHighWarnThreshold":{"source":"0","destination":"0","unit":"dBm"},"rxPowerLowAlarmThreshold":{"source":"-18","destination":"-18","unit":"dBm"},"rxPowerLowWarnThreshold":{"source":"-14","destination":"-14","unit":"dBm"},"temperatureHighAlarmThreshold":{"source":"95","destination":"95","unit":"°C"},"temperatureLowAlarmThreshold":{"source":"-40","destination":"-40","unit":"°C"}}}}]}
