{"time":"11:09:41","requestId":123456,"requestStatus":"ongoing","requestMessage":"Waiting for response"}
{"time":"11:09:46","requestId":123456,"requestStatus":"ongoing","requestMessage":"Waiting for response"}
{"time":"11:09:51","requestId":123456,"requestStatus":"ongoing","requestMessage":"Waiting for response"}
{"time":"11:09:54","requestId":123456,"requestStatus":"completed","requestMessage":[{"cablnkDistName":"/MRBTS-1/RAT-1/BTS_L-1/HWTOP_L-1/CABLNK_L-3","source":"/MRBTS-1/RAT-1/RUNTIME_VIEW-1/MRBTS_R-1/EQM_R-1/APEQM_R-1/RMOD_R-1/SFP_R-1","destination":"/MRBTS-1/RAT-1/RUNTIME_VIEW-1/MRBTS_R-1/EQM_R-1/APEQM_R-1/CABINET_R-1/BBMOD_R-1/SFP_R-3","data":{"linkPorts":{"source":"RMOD_R-1/SFP_R-1 (OPT_IF1)","destination":"BBMOD_R-1/SFP_R-3 (RF3)"},"linkType":"RP3_01Link","linkSpeed":"Obsai6Gbps","measurements":{"TXSupplyVoltage":{"source":3324,"destination":3172,"unit":"mV"},"TXBiasCurrent":{"source":37,"destination":36,"unit":"mA"},"TXPower":{"source":-2,"initialSource":0.631,"destination":-3.17,"initialDestination":0.482,"unit":"dBm","initialUnit":"mW"},"RXOpticalPower":{"source":-2.757,"initialSource":0.53,"destination":-3.391,"initialDestination":0.458,"unit":"dBm","initialUnit":"mW"},"moduleTemperature":{"source":56,"destination":34,"unit":"°C"}}},"details":{"hardwareParameters":{"connectorType":{"source":"LC","destination":"LC"},"complianceCode":{"source":null,"destination":null},"serialNumber":{"source":"FR184411259","destination":"FR184411245"},"vendorPartNumber":{"source":"WTD_RTXM228-601","destination":"WTD_RTXM228-601"},"vendorRevision":{"source":null,"destination":null}},"staticParameters":{"waveLength":{"source":"1310","destination":"1310","unit":"nm"},"transmissionMode":{"source":null,"destination":null},"transmissionRate":{"source":"6100","destination":"6100"},"transmissionDistance":{"source":"71.00","destination":"71.00","unit":"m"},"maxTransmissionDistanceList":[{"maxLinkLengthType":"Length (SMF,km)","sourceMaxLinkLength":{"maxLinkLength":"2000 in m units","maxLinkLengthType":"Length (SMF,km)"},"destinationMaxLinkLength":{"maxLinkLength":"2000 in m units","maxLinkLengthType":"Length (SMF,km)"}},{"maxLinkLengthType":"Length (SMF)","sourceMaxLinkLength":{"maxLinkLength":"2000 in m units","maxLinkLengthType":"Length (SMF)"},"destinationMaxLinkLength":{"maxLinkLength":"2000 in m units","maxLinkLengthType":"Length (SMF)"}},{"maxLinkLengthType":"Length (50um)","sourceMaxLinkLength":{"maxLinkLength":"N/A","maxLinkLengthType":"Length (50um)"},"destinationMaxLinkLength":{"maxLinkLength":"N/A","maxLinkLengthType":"Length (50um)"}},{"maxLinkLengthType":"Length (62.5um)","sourceMaxLinkLength":{"maxLinkLength":"N/A","maxLinkLengthType":"Length (62.5um)"},"destinationMaxLinkLength":{"maxLinkLength":"N/A","maxLinkLengthType":"Length (62.5um)"}},{"maxLinkLengthType":"Length (OM4 or copper cable)","sourceMaxLinkLength":{"maxLinkLength":"N/A","maxLinkLengthType":"Length (OM4 or copper cable)"},"destinationMaxLinkLength":{"maxLinkLength":"N/A","maxLinkLengthType":"Length (OM4 or copper cable)"}},{"maxLinkLengthType":"Length (OM3)","sourceMaxLinkLength":{"maxLinkLength":"N/A","maxLinkLengthType":"Length (OM3)"},"destinationMaxLinkLength":{"maxLinkLength":"N/A","maxLinkLengthType":"Length (OM3)"}}]},"thresholds":{"txPowerHighAlarmThreshold":{"source":"1","destination":"1","unit":"dBm"},"txPowerHighWarnThreshold":{"source":"0","destination":"0","unit":"dBm"},"txPowerLowAlarmThreshold":{"source":"-9","destination":"-9","unit":"dBm"},"txPowerLowWarnThreshold":{"source":"-8","destination":"-8","unit":"dBm"},"rxPowerHighAlarmThreshold":{"source":"1","destination":"1","unit":"dBm"},"rxPowerHighWarnThreshold":{"source":"0","destination":"0","unit":"dBm"},"rxPowerLowAlarmThreshold":{"source":"-18","destination":"-18","unit":"dBm"},"rxPowerLowWarnThreshold":{"source":"-14","destination":"-14","unit":"dBm"},"temperatureHighAlarmThreshold":{"source":"95","destination":"95","unit":"°C"},"temperatureLowAlarmThreshold":{"source":"-40","destination":"-40","unit":"°C"}}}},{"cablnkDistName":"/MRBTS-1/RAT-1/BTS_L-1/HWTOP_L-1/CABLNK_L-26","source":"/MRBTS-1/RAT-1/RUNTIME_VIEW-1/MRBTS_R-1/EQM_R-1/APEQM_R-1/RMOD_R-1/SFP_R-2","destination":"/MRBTS-1/RAT-1/RUNTIME_VIEW-1/MRBTS_R-1/EQM_R-1/APEQM_R-1/CABINET_R-1/BBMOD_R-1/SFP_R-2","data":{"linkPorts":{"source":"RMOD_R-1/SFP_R-2 (OPT_IF2)","destination":"BBMOD_R-1/SFP_R-2 (RF4)"},"linkType":"RP3_01Link","linkSpeed":"Obsai6Gbps","measurements":{"TXSupplyVoltage":{"source":3309,"destination":3216,"unit":"mV"},"TXBiasCurrent":{"source":42,"destination":37,"unit":"mA"},"TXPower":{"source":-2.848,"initialSource":0.519,"destination":-3.595,"initialDestination":0.437,"unit":"dBm","initialUnit":"mW"},"RXOpticalPower":{"source":-3.028,"initialSource":0.498,"destination":-2.933,"initialDestination":0.509,"unit":"dBm","initialUnit":"mW"},"moduleTemperature":{"source":58,"destination":34,"unit":"°C"}}},"details":{"hardwareParameters":{"connectorType":{"source":"LC","destination":"LC"},"complianceCode":{"source":null,"destination":null},"serialNumber":{"source":"FR184411260","destination":"FR184411253"},"vendorPartNumber":{"source":"WTD_RTXM228-601","destination":"WTD_RTXM228-601"},"vendorRevision":{"source":null,"destination":null}},"staticParameters":{"waveLength":{"source":"1310","destination":"1310","unit":"nm"},"transmissionMode":{"source":null,"destination":null},"transmissionRate":{"source":"6100","destination":"6100"},"transmissionDistance":{"source":"0.00","destination":"0.00","unit":"m"},"maxTransmissionDistanceList":[{"maxLinkLengthType":"Length (SMF,km)","sourceMaxLinkLength":{"maxLinkLength":"2000 in m units","maxLinkLengthType":"Length (SMF,km)"},"destinationMaxLinkLength":{"maxLinkLength":"2000 in m units","maxLinkLengthType":"Length (SMF,km)"}},{"maxLinkLengthType":"Length (SMF)","sourceMaxLinkLength":{"maxLinkLength":"2000 in m units","maxLinkLengthType":"Length (SMF)"},"destinationMaxLinkLength":{"maxLinkLength":"2000 in m units","maxLinkLengthType":"Length (SMF)"}},{"maxLinkLengthType":"Length (50um)","sourceMaxLinkLength":{"maxLinkLength":"N/A","maxLinkLengthType":"Length (50um)"},"destinationMaxLinkLength":{"maxLinkLength":"N/A","maxLinkLengthType":"Length (50um)"}},{"maxLinkLengthType":"Length (62.5um)","sourceMaxLinkLength":{"maxLinkLength":"N/A","maxLinkLengthType":"Length (62.5um)"},"destinationMaxLinkLength":{"maxLinkLength":"N/A","maxLinkLengthType":"Length (62.5um)"}},{"maxLinkLengthType":"Length (OM4 or copper cable)","sourceMaxLinkLength":{"maxLinkLength":"N/A","maxLinkLengthType":"Length (OM4 or copper cable)"},"destinationMaxLinkLength":{"maxLinkLength":"N/A","maxLinkLengthType":"Length (OM4 or copper cable)"}},{"maxLinkLengthType":"Length (OM3)","sourceMaxLinkLength":{"maxLinkLength":"N/A","maxLinkLengthType":"Length (OM3)"},"destinationMaxLinkLength":{"maxLinkLength":"N/A","maxLinkLengthType":"Length (OM3)"}}]},"thresholds":{"txPowerHighAlarmThreshold":{"source":"1","destination":"1","unit":"dBm"},"txPowerHighWarnThreshold":{"source":"0","destination":"0","unit":"dBm"},"txPowerLowAlarmThreshold":{"source":"-9","destination":"-9","unit":"dBm"},"txPowerLowWarnThreshold":{"source":"-8","destination":"-8","unit":"dBm"},"rxPowerHighAlarmThreshold":{"source":"1","destination":"1","unit":"dBm"},"rxPowerHighWarnThreshold":{"source":"0","destination":"0","unit":"dBm"},"rxPowerLowAlarmThreshold":{"source":"-18","destination":"-18","unit":"dBm"},"rxPowerLowWarnThreshold":{"source":"-14","destination":"-14","unit":"dBm"},"temperatureHighAlarmThreshold":{"source":"95","destination":"95","unit":"°C"},"temperatureLowAlarmThreshold":{"source":"-40","destination":"-40","unit":"°C"}}}},{"cablnkDistName":"/MRBTS-1/RAT-1/BTS_L-1/HWTOP_L-1/CABLNK_L-2","source":"/MRBTS-1/RAT-1/RUNTIME_VIEW-1/MRBTS_R-1/EQM_R-1/APEQM_R-1/RMOD_R-2/SFP_R-1","destination":"/MRBTS-1/RAT-1/RUNTIME_VIEW-1/MRBTS_R-1/EQM_R-1/APEQM_R-1/CABINET_R-1/BBMOD_R-1/SFP_R-4","data":{"linkPorts":{"source":"RMOD_R-2/SFP_R-1 (OPT_IF1)","destination":"BBMOD_R-1/SFP_R-4 (RF1)"},"linkType":"RP3_01Link","linkSpeed":"Obsai6Gbps","measurements":{"TXSupplyVoltage":{"source":3309,"destination":3196,"unit":"mV"},"TXBiasCurrent":{"source":36,"destination":33,"unit":"mA"},"TXPower":{"source":-1.713,"initialSource":0.674,"destination":-1.669,"initialDestination":0.681,"unit":"dBm","initialUnit":"mW"},"RXOpticalPower":{"source":-1.675,"initialSource":0.68,"destination":-2.51,"initialDestination":0.561,"unit":"dBm","initialUnit":"mW"},"moduleTemperature":{"source":56,"destination":33,"unit":"°C"}}},"details":{"hardwareParameters":{"connectorType":{"source":"LC","destination":"LC"},"complianceCode":{"source":null,"destination":null},"serialNumber":{"source":"FR184411257","destination":"FR184411246"},"vendorPartNumber":{"source":"WTD_RTXM228-601","destination":"WTD_RTXM228-601"},"vendorRevision":{"source":null,"destination":null}},"staticParameters":{"waveLength":{"source":"1310","destination":"1310","unit":"nm"},"transmissionMode":{"source":null,"destination":null},"transmissionRate":{"source":"6100","destination":"6100"},"transmissionDistance":{"source":"71.00","destination":"71.00","unit":"m"},"maxTransmissionDistanceList":[{"maxLinkLengthType":"Length (SMF,km)","sourceMaxLinkLength":{"maxLinkLength":"2000 in m units","maxLinkLengthType":"Length (SMF,km)"},"destinationMaxLinkLength":{"maxLinkLength":"2000 in m units","maxLinkLengthType":"Length (SMF,km)"}},{"maxLinkLengthType":"Length (SMF)","sourceMaxLinkLength":{"maxLinkLength":"2000 in m units","maxLinkLengthType":"Length (SMF)"},"destinationMaxLinkLength":{"maxLinkLength":"2000 in m units","maxLinkLengthType":"Length (SMF)"}},{"maxLinkLengthType":"Length (50um)","sourceMaxLinkLength":{"maxLinkLength":"N/A","maxLinkLengthType":"Length (50um)"},"destinationMaxLinkLength":{"maxLinkLength":"N/A","maxLinkLengthType":"Length (50um)"}},{"maxLinkLengthType":"Length (62.5um)","sourceMaxLinkLength":{"maxLinkLength":"N/A","maxLinkLengthType":"Length (62.5um)"},"destinationMaxLinkLength":{"maxLinkLength":"N/A","maxLinkLengthType":"Length (62.5um)"}},{"maxLinkLengthType":"Length (OM4 or copper cable)","sourceMaxLinkLength":{"maxLinkLength":"N/A","maxLinkLengthType":"Length (OM4 or copper cable)"},"destinationMaxLinkLength":{"maxLinkLength":"N/A","maxLinkLengthType":"Length (OM4 or copper cable)"}},{"maxLinkLengthType":"Length (OM3)","sourceMaxLinkLength":{"maxLinkLength":"N/A","maxLinkLengthType":"Length (OM3)"},"destinationMaxLinkLength":{"maxLinkLength":"N/A","maxLinkLengthType":"Length (OM3)"}}]},"thresholds":{"txPowerHighAlarmThreshold":{"source":"1","destination":"1","unit":"dBm"},"txPowerHighWarnThreshold":{"source":"0","destination":"0","unit":"dBm"},"txPowerLowAlarmThreshold":{"source":"-9","destination":"-9","unit":"dBm"},"txPowerLowWarnThreshold":{"source":"-8","destination":"-8","unit":"dBm"},"rxPowerHighAlarmThreshold":{"source":"1","destination":"1","unit":"dBm"},"rxPowerHighWarnThreshold":{"source":"0","destination":"0","unit":"dBm"},"rxPowerLowAlarmThreshold":{"source":"-18","destination":"-18","unit":"dBm"},"rxPowerLowWarnThreshold":{"source":"-14","destination":"-14","unit":"dBm"},"temperatureHighAlarmThreshold":{"source":"95","destination":"95","unit":"°C"},"temperatureLowAlarmThreshold":{"source":"-40","destination":"-40","unit":"°C"}}}},{"cablnkDistName":"/MRBTS-1/RAT-1/BTS_L-1/HWTOP_L-1/CABLNK_L-25","source":"/MRBTS-1/RAT-1/RUNTIME_VIEW-1/MRBTS_R-1/EQM_R-1/APEQM_R-1/RMOD_R-2/SFP_R-2","destination":"/MRBTS-1/RAT-1/RUNTIME_VIEW-1/MRBTS_R-1/EQM_R-1/APEQM_R-1/CABINET_R-1/BBMOD_R-1/SFP_R-1","data":{"linkPorts":{"source":"RMOD_R-2/SFP_R-2 (OPT_IF2)","destination":"BBMOD_R-1/SFP_R-1 (RF2)"},"linkType":"RP3_01Link","linkSpeed":"Obsai6Gbps","measurements":{"TXSupplyVoltage":{"source":3324,"destination":3196,"unit":"mV"},"TXBiasCurrent":{"source":37,"destination":34,"unit":"mA"},"TXPower":{"source":-1.918,"initialSource":0.643,"destination":-2.284,"initialDestination":0.591,"unit":"dBm","initialUnit":"mW"},"RXOpticalPower":{"source":-1.952,"initialSource":0.638,"destination":-2.628,"initialDestination":0.546,"unit":"dBm","initialUnit":"mW"},"moduleTemperature":{"source":57,"destination":34,"unit":"°C"}}},"details":{"hardwareParameters":{"connectorType":{"source":"LC","destination":"LC"},"complianceCode":{"source":null,"destination":null},"serialNumber":{"source":"FR184411255","destination":"FR184411258"},"vendorPartNumber":{"source":"WTD_RTXM228-601","destination":"WTD_RTXM228-601"},"vendorRevision":{"source":null,"destination":null}},"staticParameters":{"waveLength":{"source":"1310","destination":"1310","unit":"nm"},"transmissionMode":{"source":null,"destination":null},"transmissionRate":{"source":"6100","destination":"6100"},"transmissionDistance":{"source":"0.00","destination":"0.00","unit":"m"},"maxTransmissionDistanceList":[{"maxLinkLengthType":"Length (SMF,km)","sourceMaxLinkLength":{"maxLinkLength":"2000 in m units","maxLinkLengthType":"Length (SMF,km)"},"destinationMaxLinkLength":{"maxLinkLength":"2000 in m units","maxLinkLengthType":"Length (SMF,km)"}},{"maxLinkLengthType":"Length (SMF)","sourceMaxLinkLength":{"maxLinkLength":"2000 in m units","maxLinkLengthType":"Length (SMF)"},"destinationMaxLinkLength":{"maxLinkLength":"2000 in m units","maxLinkLengthType":"Length (SMF)"}},{"maxLinkLengthType":"Length (50um)","sourceMaxLinkLength":{"maxLinkLength":"N/A","maxLinkLengthType":"Length (50um)"},"destinationMaxLinkLength":{"maxLinkLength":"N/A","maxLinkLengthType":"Length (50um)"}},{"maxLinkLengthType":"Length (62.5um)","sourceMaxLinkLength":{"maxLinkLength":"N/A","maxLinkLengthType":"Length (62.5um)"},"destinationMaxLinkLength":{"maxLinkLength":"N/A","maxLinkLengthType":"Length (62.5um)"}},{"maxLinkLengthType":"Length (OM4 or copper cable)","sourceMaxLinkLength":{"maxLinkLength":"N/A","maxLinkLengthType":"Length (OM4 or copper cable)"},"destinationMaxLinkLength":{"maxLinkLength":"N/A","maxLinkLengthType":"Length (OM4 or copper cable)"}},{"maxLinkLengthType":"Length (OM3)","sourceMaxLinkLength":{"maxLinkLength":"N/A","maxLinkLengthType":"Length (OM3)"},"destinationMaxLinkLength":{"maxLinkLength":"N/A","maxLinkLengthType":"Length (OM3)"}}]},"thresholds":{"txPowerHighAlarmThreshold":{"source":"1","destination":"1","unit":"dBm"},"txPowerHighWarnThreshold":{"source":"0","destination":"0","unit":"dBm"},"txPowerLowAlarmThreshold":{"source":"-9","destination":"-9","unit":"dBm"},"txPowerLowWarnThreshold":{"source":"-8","destination":"-8","unit":"dBm"},"rxPowerHighAlarmThreshold":{"source":"1","destination":"1","unit":"dBm"},"rxPowerHighWarnThreshold":{"source":"0","destination":"0","unit":"dBm"},"rxPowerLowAlarmThreshold":{"source":"-18","destination":"-18","unit":"dBm"},"rxPowerLowWarnThreshold":{"source":"-14","destination":"-14","unit":"dBm"},"temperatureHighAlarmThreshold":{"source":"95","destination":"95","unit":"°C"},"temperatureLowAlarmThreshold":{"source":"-40","destination":"-40","unit":"°C"}}}}]}
