{"time":"11:08:24","requestId":123456,"requestStatus":"ongoing","requestMessage":"Waiting for response"}
{"time":"11:08:25","requestId":123456,"requestStatus":"completed","requestMessage":[{"cablnkDistName":"/MRBTS-1/RAT-1/BTS_L-1/HWTOP_L-1/CABLNK_L-22","source":"/MRBTS-1/RAT-1/RUNTIME_VIEW-1/MRBTS_R-1/EQM_R-1/APEQM_R-1/RMOD_R-1/SFP_R-1","destination":"/MRBTS-1/RAT-1/RUNTIME_VIEW-1/MRBTS_R-1/EQM_R-1/APEQM_R-1/CABINET_R-1/BBMOD_R-1/SFP_R-3","data":{"linkPorts":{"source":"RMOD_R-1/SFP_R-1 (OPT_IF1)","destination":"BBMOD_R-1/SFP_R-3 (RF1)"},"linkType":"CPRILink","linkSpeed":"Cpri7","measurements":{"TXSupplyVoltage":{"source":3302,"destination":3212,"unit":"mV"},"TXBiasCurrent":{"source":42,"destination":45,"unit":"mA"},"TXPower":{"source":-1.002,"initialSource":0.794,"destination":-2,"initialDestination":0.631,"unit":"dBm","initialUnit":"mW"},"RXOpticalPower":{"source":-2.807,"initialSource":0.524,"destination":-1.278,"initialDestination":0.745,"unit":"dBm","initialUnit":"mW"},"moduleTemperature":{"source":26,"destination":34,"unit":"°C"}}},"details":{"hardwareParameters":{"connectorType":{"source":"LC","destination":"LC"},"complianceCode":{"source":null,"destination":null},"serialNumber":{"source":"MB18441230385","destination":"MB18441230024"},"vendorPartNumber":{"source":"HGGENUINE_MTRS-1E21-04","destination":"HGGENUINE_MTRS-1E21-04"},"vendorRevision":{"source":null,"destination":null}},"staticParameters":{"waveLength":{"source":"1310","destination":"1310","unit":"nm"},"transmissionMode":{"source":null,"destination":null},"transmissionRate":{"source":"9900","destination":"9900"},"transmissionDistance":{"source":"71.00","destination":"71.00","unit":"m"},"maxTransmissionDistanceList":[{"maxLinkLengthType":"Length (SMF,km)","sourceMaxLinkLength":{"maxLinkLength":"2000 in m units","maxLinkLengthType":"Length (SMF,km)"},"destinationMaxLinkLength":{"maxLinkLength":"2000 in m units","maxLinkLengthType":"Length (SMF,km)"}},{"maxLinkLengthType":"Length (SMF)","sourceMaxLinkLength":{"maxLinkLength":"1400 in m units","maxLinkLengthType":"Length (SMF)"},"destinationMaxLinkLength":{"maxLinkLength":"1400 in m units","maxLinkLengthType":"Length (SMF)"}},{"maxLinkLengthType":"Length (50um)","sourceMaxLinkLength":{"maxLinkLength":"N/A","maxLinkLengthType":"Length (50um)"},"destinationMaxLinkLength":{"maxLinkLength":"N/A","maxLinkLengthType":"Length (50um)"}},{"maxLinkLengthType":"Length (62.5um)","sourceMaxLinkLength":{"maxLinkLength":"N/A","maxLinkLengthType":"Length (62.5um)"},"destinationMaxLinkLength":{"maxLinkLength":"N/A","maxLinkLengthType":"Length (62.5um)"}},{"maxLinkLengthType":"Length (OM4 or copper cable)","sourceMaxLinkLength":{"maxLinkLength":"N/A","maxLinkLengthType":"Length (OM4 or copper cable)"},"destinationMaxLinkLength":{"maxLinkLength":"N/A","maxLinkLengthType":"Length (OM4 or copper cable)"}},{"maxLinkLengthType":"Length (OM3)","sourceMaxLinkLength":{"maxLinkLength":"N/A","maxLinkLengthType":"Length (OM3)"},"destinationMaxLinkLength":{"maxLinkLength":"N/A","maxLinkLengthType":"Length (OM3)"}}]},"thresholds":{"txPowerHighAlarmThreshold":{"source":"1","destination":"1","unit":"dBm"},"txPowerHighWarnThreshold":{"source":"0","destination":"0","unit":"dBm"},"txPowerLowAlarmThreshold":{"source":"-10","destination":"-10","unit":"dBm"},"txPowerLowWarnThreshold":{"source":"-8","destination":"-8","unit":"dBm"},"rxPowerHighAlarmThreshold":{"source":"1","destination":"1","unit":"dBm"},"rxPowerHighWarnThreshold":{"source":"0","destination":"0","unit":"dBm"},"rxPowerLowAlarmThreshold":{"source":"-18","destination":"-18","unit":"dBm"},"rxPowerLowWarnThreshold":{"source":"-14","destination":"-14","unit":"dBm"},"temperatureHighAlarmThreshold":{"source":"100","destination":"100","unit":"°C"},"temperatureLowAlarmThreshold":{"source":"-50","destination":"-50","unit":"°C"}}}},{"cablnkDistName":"/MRBTS-1/RAT-1/BTS_L-1/HWTOP_L-1/CABLNK_L-19","source":"/MRBTS-1/RAT-1/RUNTIME_VIEW-1/MRBTS_R-1/EQM_R-1/APEQM_R-1/RMOD_R-2/SFP_R-1","destination":"/MRBTS-1/RAT-1/RUNTIME_VIEW-1/MRBTS_R-1/EQM_R-1/APEQM_R-1/CABINET_R-1/BBMOD_R-1/SFP_R-2","data":{"linkPorts":{"source":"RMOD_R-2/SFP_R-1 (OPT_IF1)","destination":"BBMOD_R-1/SFP_R-2 (RF2)"},"linkType":"CPRILink","linkSpeed":"Cpri7","measurements":{"TXSupplyVoltage":{"source":3302,"destination":3221,"unit":"mV"},"TXBiasCurrent":{"source":44,"destination":44,"unit":"mA"},"TXPower":{"source":-1.361,"initialSource":0.731,"destination":-2.343,"initialDestination":0.583,"unit":"dBm","initialUnit":"mW"},"RXOpticalPower":{"source":-3.382,"initialSource":0.459,"destination":-2.434,"initialDestination":0.571,"unit":"dBm","initialUnit":"mW"},"moduleTemperature":{"source":25,"destination":34,"unit":"°C"}}},"details":{"hardwareParameters":{"connectorType":{"source":"LC","destination":"LC"},"complianceCode":{"source":null,"destination":null},"serialNumber":{"source":"MB18441230164","destination":"MB18441230288"},"vendorPartNumber":{"source":"HGGENUINE_MTRS-1E21-04","destination":"HGGENUINE_MTRS-1E21-04"},"vendorRevision":{"source":null,"destination":null}},"staticParameters":{"waveLength":{"source":"1310","destination":"1310","unit":"nm"},"transmissionMode":{"source":null,"destination":null},"transmissionRate":{"source":"9900","destination":"9900"},"transmissionDistance":{"source":"71.00","destination":"71.00","unit":"m"},"maxTransmissionDistanceList":[{"maxLinkLengthType":"Length (SMF,km)","sourceMaxLinkLength":{"maxLinkLength":"2000 in m units","maxLinkLengthType":"Length (SMF,km)"},"destinationMaxLinkLength":{"maxLinkLength":"2000 in m units","maxLinkLengthType":"Length (SMF,km)"}},{"maxLinkLengthType":"Length (SMF)","sourceMaxLinkLength":{"maxLinkLength":"1400 in m units","maxLinkLengthType":"Length (SMF)"},"destinationMaxLinkLength":{"maxLinkLength":"1400 in m units","maxLinkLengthType":"Length (SMF)"}},{"maxLinkLengthType":"Length (50um)","sourceMaxLinkLength":{"maxLinkLength":"N/A","maxLinkLengthType":"Length (50um)"},"destinationMaxLinkLength":{"maxLinkLength":"N/A","maxLinkLengthType":"Length (50um)"}},{"maxLinkLengthType":"Length (62.5um)","sourceMaxLinkLength":{"maxLinkLength":"N/A","maxLinkLengthType":"Length (62.5um)"},"destinationMaxLinkLength":{"maxLinkLength":"N/A","maxLinkLengthType":"Length (62.5um)"}},{"maxLinkLengthType":"Length (OM4 or copper cable)","sourceMaxLinkLength":{"maxLinkLength":"N/A","maxLinkLengthType":"Length (OM4 or copper cable)"},"destinationMaxLinkLength":{"maxLinkLength":"N/A","maxLinkLengthType":"Length (OM4 or copper cable)"}},{"maxLinkLengthType":"Length (OM3)","sourceMaxLinkLength":{"maxLinkLength":"N/A","maxLinkLengthType":"Length (OM3)"},"destinationMaxLinkLength":{"maxLinkLength":"N/A","maxLinkLengthType":"Length (OM3)"}}]},"thresholds":{"txPowerHighAlarmThreshold":{"source":"1","destination":"1","unit":"dBm"},"txPowerHighWarnThreshold":{"source":"0","destination":"0","unit":"dBm"},"txPowerLowAlarmThreshold":{"source":"-10","destination":"-10","unit":"dBm"},"txPowerLowWarnThreshold":{"source":"-8","destination":"-8","unit":"dBm"},"rxPowerHighAlarmThreshold":{"source":"1","destination":"1","unit":"dBm"},"rxPowerHighWarnThreshold":{"source":"0","destination":"0","unit":"dBm"},"rxPowerLowAlarmThreshold":{"source":"-18","destination":"-18","unit":"dBm"},"rxPowerLowWarnThreshold":{"source":"-14","destination":"-14","unit":"dBm"},"temperatureHighAlarmThreshold":{"source":"100","destination":"100","unit":"°C"},"temperatureLowAlarmThreshold":{"source":"-50","destination":"-50","unit":"°C"}}}},{"cablnkDistName":"/MRBTS-1/RAT-1/BTS_L-1/HWTOP_L-1/CABLNK_L-21","source":"/MRBTS-1/RAT-1/RUNTIME_VIEW-1/MRBTS_R-1/EQM_R-1/APEQM_R-1/RMOD_R-3/SFP_R-1","destination":"/MRBTS-1/RAT-1/RUNTIME_VIEW-1/MRBTS_R-1/EQM_R-1/APEQM_R-1/CABINET_R-1/BBMOD_R-1/SFP_R-1","data":{"linkPorts":{"source":"RMOD_R-3/SFP_R-1 (OPT_IF1)","destination":"BBMOD_R-1/SFP_R-1 (RF3)"},"linkType":"CPRILink","linkSpeed":"Cpri7","measurements":{"TXSupplyVoltage":{"source":3321,"destination":3216,"unit":"mV"},"TXBiasCurrent":{"source":43,"destination":44,"unit":"mA"},"TXPower":{"source":-2.487,"initialSource":0.564,"destination":-1.911,"initialDestination":0.644,"unit":"dBm","initialUnit":"mW"},"RXOpticalPower":{"source":-2.668,"initialSource":0.541,"destination":-1.649,"initialDestination":0.684,"unit":"dBm","initialUnit":"mW"},"moduleTemperature":{"source":24,"destination":33,"unit":"°C"}}},"details":{"hardwareParameters":{"connectorType":{"source":"LC","destination":"LC"},"complianceCode":{"source":null,"destination":null},"serialNumber":{"source":"MB18441230245","destination":"MB18441230353"},"vendorPartNumber":{"source":"HGGENUINE_MTRS-1E21-04","destination":"HGGENUINE_MTRS-1E21-04"},"vendorRevision":{"source":null,"destination":null}},"staticParameters":{"waveLength":{"source":"1310","destination":"1310","unit":"nm"},"transmissionMode":{"source":null,"destination":null},"transmissionRate":{"source":"9900","destination":"9900"},"transmissionDistance":{"source":"71.00","destination":"71.00","unit":"m"},"maxTransmissionDistanceList":[{"maxLinkLengthType":"Length (SMF,km)","sourceMaxLinkLength":{"maxLinkLength":"2000 in m units","maxLinkLengthType":"Length (SMF,km)"},"destinationMaxLinkLength":{"maxLinkLength":"2000 in m units","maxLinkLengthType":"Length (SMF,km)"}},{"maxLinkLengthType":"Length (SMF)","sourceMaxLinkLength":{"maxLinkLength":"1400 in m units","maxLinkLengthType":"Length (SMF)"},"destinationMaxLinkLength":{"maxLinkLength":"1400 in m units","maxLinkLengthType":"Length (SMF)"}},{"maxLinkLengthType":"Length (50um)","sourceMaxLinkLength":{"maxLinkLength":"N/A","maxLinkLengthType":"Length (50um)"},"destinationMaxLinkLength":{"maxLinkLength":"N/A","maxLinkLengthType":"Length (50um)"}},{"maxLinkLengthType":"Length (62.5um)","sourceMaxLinkLength":{"maxLinkLength":"N/A","maxLinkLengthType":"Length (62.5um)"},"destinationMaxLinkLength":{"maxLinkLength":"N/A","maxLinkLengthType":"Length (62.5um)"}},{"maxLinkLengthType":"Length (OM4 or copper cable)","sourceMaxLinkLength":{"maxLinkLength":"N/A","maxLinkLengthType":"Length (OM4 or copper cable)"},"destinationMaxLinkLength":{"maxLinkLength":"N/A","maxLinkLengthType":"Length (OM4 or copper cable)"}},{"maxLinkLengthType":"Length (OM3)","sourceMaxLinkLength":{"maxLinkLength":"N/A","maxLinkLengthType":"Length (OM3)"},"destinationMaxLinkLength":{"maxLinkLength":"N/A","maxLinkLengthType":"Length (OM3)"}}]},"thresholds":{"txPowerHighAlarmThreshold":{"source":"1","destination":"1","unit":"dBm"},"txPowerHighWarnThreshold":{"source":"0","destination":"0","unit":"dBm"},"txPowerLowAlarmThreshold":{"source":"-10","destination":"-10","unit":"dBm"},"txPowerLowWarnThreshold":{"source":"-8","destination":"-8","unit":"dBm"},"rxPowerHighAlarmThreshold":{"source":"1","destination":"1","unit":"dBm"},"rxPowerHighWarnThreshold":{"source":"0","destination":"0","unit":"dBm"},"rxPowerLowAlarmThreshold":{"source":"-18","destination":"-18","unit":"dBm"},"rxPowerLowWarnThreshold":{"source":"-14","destination":"-14","unit":"dBm"},"temperatureHighAlarmThreshold":{"source":"100","destination":"100","unit":"°C"},"temperatureLowAlarmThreshold":{"source":"-50","destination":"-50","unit":"°C"}}}}]}
