{"time":"11:13:54","requestId":123456,"requestStatus":"ongoing","requestMessage":"Waiting for response"}
{"time":"11:13:55","requestId":123456,"requestStatus":"completed","requestMessage":[{"cablnkDistName":"/MRBTS-1/RAT-1/BTS_L-1/HWTOP_L-1/CABLNK_L-3","source":"/MRBTS-1/RAT-1/RUNTIME_VIEW-1/MRBTS_R-1/EQM_R-1/APEQM_R-1/RMOD_R-1/SFP_R-1","destination":"/MRBTS-1/RAT-1/RUNTIME_VIEW-1/MRBTS_R-1/EQM_R-1/APEQM_R-1/CABINET_R-1/BBMOD_R-1/SFP_R-1","data":{"linkPorts":{"source":"RMOD_R-1/SFP_R-1 (OPT_IF1)","destination":"BBMOD_R-1/SFP_R-1 (RF2)"},"linkType":"CPRILink","linkSpeed":"Cpri7","measurements":{"TXSupplyVoltage":{"source":3319,"destination":3208,"unit":"mV"},"TXBiasCurrent":{"source":41,"destination":41,"unit":"mA"},"TXPower":{"source":-1.791,"initialSource":0.662,"destination":-3.556,"initialDestination":0.441,"unit":"dBm","initialUnit":"mW"},"RXOpticalPower":{"source":-3.84,"initialSource":0.413,"destination":-3.224,"initialDestination":0.476,"unit":"dBm","initialUnit":"mW"},"moduleTemperature":{"source":25,"destination":37,"unit":"°C"}}},"details":{"hardwareParameters":{"connectorType":{"source":"LC","destination":"LC"},"complianceCode":{"source":null,"destination":null},"serialNumber":{"source":"AC1907A2852","destination":"AC1907A3073"},"vendorPartNumber":{"source":"Hisense_LTF1303-AW1","destination":"Hisense_LTF1303-AW1"},"vendorRevision":{"source":null,"destination":null}},"staticParameters":{"waveLength":{"source":"1310","destination":"1310","unit":"nm"},"transmissionMode":{"source":null,"destination":null},"transmissionRate":{"source":"9800","destination":"9800"},"transmissionDistance":{"source":"1098.00","destination":"1098.00","unit":"m"},"maxTransmissionDistanceList":[{"maxLinkLengthType":"Length (SMF,km)","sourceMaxLinkLength":{"maxLinkLength":"1000 in m units","maxLinkLengthType":"Length (SMF,km)"},"destinationMaxLinkLength":{"maxLinkLength":"1000 in m units","maxLinkLengthType":"Length (SMF,km)"}},{"maxLinkLengthType":"Length (SMF)","sourceMaxLinkLength":{"maxLinkLength":"1400 in m units","maxLinkLengthType":"Length (SMF)"},"destinationMaxLinkLength":{"maxLinkLength":"1400 in m units","maxLinkLengthType":"Length (SMF)"}},{"maxLinkLengthType":"Length (50um)","sourceMaxLinkLength":{"maxLinkLength":"N/A","maxLinkLengthType":"Length (50um)"},"destinationMaxLinkLength":{"maxLinkLength":"N/A","maxLinkLengthType":"Length (50um)"}},{"maxLinkLengthType":"Length (62.5um)","sourceMaxLinkLength":{"maxLinkLength":"N/A","maxLinkLengthType":"Length (62.5um)"},"destinationMaxLinkLength":{"maxLinkLength":"N/A","maxLinkLengthType":"Length (62.5um)"}},{"maxLinkLengthType":"Length (OM4 or copper cable)","sourceMaxLinkLength":{"maxLinkLength":"N/A","maxLinkLengthType":"Length (OM4 or copper cable)"},"destinationMaxLinkLength":{"maxLinkLength":"N/A","maxLinkLengthType":"Length (OM4 or copper cable)"}},{"maxLinkLengthType":"Length (OM3)","sourceMaxLinkLength":{"maxLinkLength":"N/A","maxLinkLengthType":"Length (OM3)"},"destinationMaxLinkLength":{"maxLinkLength":"N/A","maxLinkLengthType":"Length (OM3)"}}]},"thresholds":{"txPowerHighAlarmThreshold":{"source":"3","destination":"3","unit":"dBm"},"txPowerHighWarnThreshold":{"source":"0","destination":"0","unit":"dBm"},"txPowerLowAlarmThreshold":{"source":"-10","destination":"-10","unit":"dBm"},"txPowerLowWarnThreshold":{"source":"-8","destination":"-8","unit":"dBm"},"rxPowerHighAlarmThreshold":{"source":"3","destination":"3","unit":"dBm"},"rxPowerHighWarnThreshold":{"source":"0","destination":"0","unit":"dBm"},"rxPowerLowAlarmThreshold":{"source":"-16","destination":"-16","unit":"dBm"},"rxPowerLowWarnThreshold":{"source":"-14","destination":"-14","unit":"dBm"},"temperatureHighAlarmThreshold":{"source":"95","destination":"95","unit":"°C"},"temperatureLowAlarmThreshold":{"source":"-50","destination":"-50","unit":"°C"}}}},{"cablnkDistName":"/MRBTS-1/RAT-1/BTS_L-1/HWTOP_L-1/CABLNK_L-4","source":"/MRBTS-1/RAT-1/RUNTIME_VIEW-1/MRBTS_R-1/EQM_R-1/APEQM_R-1/RMOD_R-2/SFP_R-1","destination":"/MRBTS-1/RAT-1/RUNTIME_VIEW-1/MRBTS_R-1/EQM_R-1/APEQM_R-1/CABINET_R-1/BBMOD_R-1/SFP_R-3","data":{"linkPorts":{"source":"RMOD_R-2/SFP_R-1 (OPT_IF1)","destination":"BBMOD_R-1/SFP_R-3 (RF1)"},"linkType":"CPRILink","linkSpeed":"Cpri7","measurements":{"TXSupplyVoltage":{"source":3312,"destination":3196,"unit":"mV"},"TXBiasCurrent":{"source":42,"destination":41,"unit":"mA"},"TXPower":{"source":-1.605,"initialSource":0.691,"destination":-2.865,"initialDestination":0.517,"unit":"dBm","initialUnit":"mW"},"RXOpticalPower":{"source":-3.045,"initialSource":0.496,"destination":-2.612,"initialDestination":0.548,"unit":"dBm","initialUnit":"mW"},"moduleTemperature":{"source":30,"destination":39,"unit":"°C"}}},"details":{"hardwareParameters":{"connectorType":{"source":"LC","destination":"LC"},"complianceCode":{"source":null,"destination":null},"serialNumber":{"source":"AC1907A2851","destination":"AC1907A3014"},"vendorPartNumber":{"source":"Hisense_LTF1303-AW1","destination":"Hisense_LTF1303-AW1"},"vendorRevision":{"source":null,"destination":null}},"staticParameters":{"waveLength":{"source":"1310","destination":"1310","unit":"nm"},"transmissionMode":{"source":null,"destination":null},"transmissionRate":{"source":"9800","destination":"9800"},"transmissionDistance":{"source":"1098.00","destination":"1098.00","unit":"m"},"maxTransmissionDistanceList":[{"maxLinkLengthType":"Length (SMF,km)","sourceMaxLinkLength":{"maxLinkLength":"1000 in m units","maxLinkLengthType":"Length (SMF,km)"},"destinationMaxLinkLength":{"maxLinkLength":"1000 in m units","maxLinkLengthType":"Length (SMF,km)"}},{"maxLinkLengthType":"Length (SMF)","sourceMaxLinkLength":{"maxLinkLength":"1400 in m units","maxLinkLengthType":"Length (SMF)"},"destinationMaxLinkLength":{"maxLinkLength":"1400 in m units","maxLinkLengthType":"Length (SMF)"}},{"maxLinkLengthType":"Length (50um)","sourceMaxLinkLength":{"maxLinkLength":"N/A","maxLinkLengthType":"Length (50um)"},"destinationMaxLinkLength":{"maxLinkLength":"N/A","maxLinkLengthType":"Length (50um)"}},{"maxLinkLengthType":"Length (62.5um)","sourceMaxLinkLength":{"maxLinkLength":"N/A","maxLinkLengthType":"Length (62.5um)"},"destinationMaxLinkLength":{"maxLinkLength":"N/A","maxLinkLengthType":"Length (62.5um)"}},{"maxLinkLengthType":"Length (OM4 or copper cable)","sourceMaxLinkLength":{"maxLinkLength":"N/A","maxLinkLengthType":"Length (OM4 or copper cable)"},"destinationMaxLinkLength":{"maxLinkLength":"N/A","maxLinkLengthType":"Length (OM4 or copper cable)"}},{"maxLinkLengthType":"Length (OM3)","sourceMaxLinkLength":{"maxLinkLength":"N/A","maxLinkLengthType":"Length (OM3)"},"destinationMaxLinkLength":{"maxLinkLength":"N/A","maxLinkLengthType":"Length (OM3)"}}]},"thresholds":{"txPowerHighAlarmThreshold":{"source":"3","destination":"3","unit":"dBm"},"txPowerHighWarnThreshold":{"source":"0","destination":"0","unit":"dBm"},"txPowerLowAlarmThreshold":{"source":"-10","destination":"-10","unit":"dBm"},"txPowerLowWarnThreshold":{"source":"-8","destination":"-8","unit":"dBm"},"rxPowerHighAlarmThreshold":{"source":"3","destination":"3","unit":"dBm"},"rxPowerHighWarnThreshold":{"source":"0","destination":"0","unit":"dBm"},"rxPowerLowAlarmThreshold":{"source":"-16","destination":"-16","unit":"dBm"},"rxPowerLowWarnThreshold":{"source":"-14","destination":"-14","unit":"dBm"},"temperatureHighAlarmThreshold":{"source":"95","destination":"95","unit":"°C"},"temperatureLowAlarmThreshold":{"source":"-50","destination":"-50","unit":"°C"}}}},{"cablnkDistName":"/MRBTS-1/RAT-1/BTS_L-1/HWTOP_L-1/CABLNK_L-5","source":"/MRBTS-1/RAT-1/RUNTIME_VIEW-1/MRBTS_R-1/EQM_R-1/APEQM_R-1/RMOD_R-3/SFP_R-1","destination":"/MRBTS-1/RAT-1/RUNTIME_VIEW-1/MRBTS_R-1/EQM_R-1/APEQM_R-1/CABINET_R-1/BBMOD_R-1/SFP_R-2","data":{"linkPorts":{"source":"RMOD_R-3/SFP_R-1 (OPT_IF1)","destination":"BBMOD_R-1/SFP_R-2 (RF3)"},"linkType":"CPRILink","linkSpeed":"Cpri7","measurements":{"TXSupplyVoltage":{"source":3301,"destination":3211,"unit":"mV"},"TXBiasCurrent":{"source":40,"destination":39,"unit":"mA"},"TXPower":{"source":-1.681,"initialSource":0.679,"destination":-3.747,"initialDestination":0.422,"unit":"dBm","initialUnit":"mW"},"RXOpticalPower":{"source":-4.776,"initialSource":0.333,"destination":-3.625,"initialDestination":0.434,"unit":"dBm","initialUnit":"mW"},"moduleTemperature":{"source":33,"destination":36,"unit":"°C"}}},"details":{"hardwareParameters":{"connectorType":{"source":"LC","destination":"LC"},"complianceCode":{"source":null,"destination":null},"serialNumber":{"source":"AC1907A2822","destination":"AC1907A2668"},"vendorPartNumber":{"source":"Hisense_LTF1303-AW1","destination":"Hisense_LTF1303-AW1"},"vendorRevision":{"source":null,"destination":null}},"staticParameters":{"waveLength":{"source":"1310","destination":"1310","unit":"nm"},"transmissionMode":{"source":null,"destination":null},"transmissionRate":{"source":"9800","destination":"9800"},"transmissionDistance":{"source":"1098.00","destination":"1098.00","unit":"m"},"maxTransmissionDistanceList":[{"maxLinkLengthType":"Length (SMF,km)","sourceMaxLinkLength":{"maxLinkLength":"1000 in m units","maxLinkLengthType":"Length (SMF,km)"},"destinationMaxLinkLength":{"maxLinkLength":"1000 in m units","maxLinkLengthType":"Length (SMF,km)"}},{"maxLinkLengthType":"Length (SMF)","sourceMaxLinkLength":{"maxLinkLength":"1400 in m units","maxLinkLengthType":"Length (SMF)"},"destinationMaxLinkLength":{"maxLinkLength":"1400 in m units","maxLinkLengthType":"Length (SMF)"}},{"maxLinkLengthType":"Length (50um)","sourceMaxLinkLength":{"maxLinkLength":"N/A","maxLinkLengthType":"Length (50um)"},"destinationMaxLinkLength":{"maxLinkLength":"N/A","maxLinkLengthType":"Length (50um)"}},{"maxLinkLengthType":"Length (62.5um)","sourceMaxLinkLength":{"maxLinkLength":"N/A","maxLinkLengthType":"Length (62.5um)"},"destinationMaxLinkLength":{"maxLinkLength":"N/A","maxLinkLengthType":"Length (62.5um)"}},{"maxLinkLengthType":"Length (OM4 or copper cable)","sourceMaxLinkLength":{"maxLinkLength":"N/A","maxLinkLengthType":"Length (OM4 or copper cable)"},"destinationMaxLinkLength":{"maxLinkLength":"N/A","maxLinkLengthType":"Length (OM4 or copper cable)"}},{"maxLinkLengthType":"Length (OM3)","sourceMaxLinkLength":{"maxLinkLength":"N/A","maxLinkLengthType":"Length (OM3)"},"destinationMaxLinkLength":{"maxLinkLength":"N/A","maxLinkLengthType":"Length (OM3)"}}]},"thresholds":{"txPowerHighAlarmThreshold":{"source":"3","destination":"3","unit":"dBm"},"txPowerHighWarnThreshold":{"source":"0","destination":"0","unit":"dBm"},"txPowerLowAlarmThreshold":{"source":"-10","destination":"-10","unit":"dBm"},"txPowerLowWarnThreshold":{"source":"-8","destination":"-8","unit":"dBm"},"rxPowerHighAlarmThreshold":{"source":"3","destination":"3","unit":"dBm"},"rxPowerHighWarnThreshold":{"source":"0","destination":"0","unit":"dBm"},"rxPowerLowAlarmThreshold":{"source":"-16","destination":"-16","unit":"dBm"},"rxPowerLowWarnThreshold":{"source":"-14","destination":"-14","unit":"dBm"},"temperatureHighAlarmThreshold":{"source":"95","destination":"95","unit":"°C"},"temperatureLowAlarmThreshold":{"source":"-50","destination":"-50","unit":"°C"}}}}]}
