<?xml version="1.0" encoding="UTF-8" standalone="no"?>
<SFPDiagnosticDataMonitoringNotification>
  <Cablink>
    <_endPoint1>MRBTS-256091/EQM-1/APEQM-1/RMOD-1/SFP-1</_endPoint1>
    <_endPoint2>MRBTS-256091/EQM-1/APEQM-1/CABINET-1/SMOD-1/SFP-1</_endPoint2>
    <_linkType>CPRILink</_linkType>
    <_linkSpeed>6144 Mb/s</_linkSpeed>
    <_ber>0</_ber>
    <_lcv>0</_lcv>
  </Cablink>
  <Cablink>
    <_endPoint1>MRBTS-256091/EQM-1/APEQM-1/RMOD-3/SFP-2</_endPoint1>
    <_endPoint2>MRBTS-256091/EQM-1/APEQM-1/CABINET-1/SMOD-1/SFP-2</_endPoint2>
    <_linkType>CPRILink</_linkType>
    <_linkSpeed>6144 Mb/s</_linkSpeed>
    <_ber>0</_ber>
    <_lcv>0</_lcv>
  </Cablink>
  <Cablink>
    <_endPoint1>MRBTS-256091/EQM-1/APEQM-1/RMOD-1/SFP-3</_endPoint1>
    <_endPoint2>MRBTS-256091/EQM-1/APEQM-1/CABINET-1/SMOD-1/SFP-3</_endPoint2>
    <_linkType>CPRILink</_linkType>
    <_linkSpeed>6144 Mb/s</_linkSpeed>
    <_ber>0</_ber>
    <_lcv>0</_lcv>
  </Cablink>
  <Cablink>
    <_endPoint1/>
    <_endPoint2>MRBTS-256091/EQM-1/APEQM-1/CABINET-1/BBMOD-2/SFP-1</_endPoint2>
    <_linkType>CPRILink</_linkType>
    <_linkSpeed>6144 Mb/s</_linkSpeed>
    <_ber>0</_ber>
    <_lcv>0</_lcv>
  </Cablink>
  <Cablink>
    <_endPoint1>MRBTS-256091/EQM-1/APEQM-1/RMOD-2/SFP-4</_endPoint1>
    <_endPoint2>MRBTS-256091/EQM-1/APEQM-1/CABINET-1/BBMOD-1/SFP-2</_endPoint2>
    <_linkType>CPRILink</_linkType>
    <_linkSpeed>6144 Mb/s</_linkSpeed>
    <_ber>0</_ber>
    <_lcv>0</_lcv>
  </Cablink>
  <Cablink>
    <_endPoint1>MRBTS-256091/EQM-1/APEQM-1/RMOD-2/SFP-5</_endPoint1>
    <_endPoint2>MRBTS-256091/EQM-1/APEQM-1/CABINET-1/SMOD-1/SFP-4</_endPoint2>
    <_linkType>CPRILink</_linkType>
    <_linkSpeed>6144 Mb/s</_linkSpeed>
    <_ber>0</_ber>
    <_lcv>0</_lcv>
  </Cablink>
  <SFP>
    <_distname>MRBTS-256091/EQM-1/APEQM-1/RMOD-1/SFP-1</_distname>
    <_physicalPort>OPT_IF2-2</_physicalPort>
    <_sfpVendor>INNOLIGHT_TR-PS13T-VNS</_sfpVendor>
    <_sfpSerialNumber>INDAV0092580   </_sfpSerialNumber>
    <_sfpType>LC</_sfpType>
    <_waveLength>1310 nm</_waveLength>
    <_transmissionMode>NotSupported</_transmissionMode>
    <_transmissionRate>6200 Mb/s</_transmissionRate>
    <_transmissionDistance>98.000000 m</_transmissionDistance>
    <_maxTransmissionDistanceSmfKm>2000 m</_maxTransmissionDistanceSmfKm>
    <_maxTransmissionDistanceSmf>2000 m</_maxTransmissionDistanceSmf>
    <_maxTransmissionDistance50U>NotSupported</_maxTransmissionDistance50U>
    <_maxTransmissionDistance625U>NotSupported</_maxTransmissionDistance625U>
    <_maxTransmissionDistanceCopper>NotSupported</_maxTransmissionDistanceCopper>
    <_maxTransmissionDistanceOm3>NotSupported</_maxTransmissionDistanceOm3>
    <_txPwrHiAlmThreshold>NotSupported</_txPwrHiAlmThreshold>
    <_txPwrLoAlmThreshold>NotSupported</_txPwrLoAlmThreshold>
    <_txPwrHiWarnThreshold>NotSupported</_txPwrHiWarnThreshold>
    <_txPwrLoWarnThreshold>NotSupported</_txPwrLoWarnThreshold>
    <_rxPwrHiAlmThreshold>NotSupported</_rxPwrHiAlmThreshold>
    <_rxPwrLoAlmThreshold>NotSupported</_rxPwrLoAlmThreshold>
    <_rxPwrHiWarnThreshold>NotSupported</_rxPwrHiWarnThreshold>
    <_rxPwrLoWarnThreshold>NotSupported</_rxPwrLoWarnThreshold>
    <_tempHiAlmThreshold>NotSupported</_tempHiAlmThreshold>
    <_tempLoAlmThreshold>NotSupported</_tempLoAlmThreshold>
    <_temperature>40 C</_temperature>
    <_txVoltage>3320 mV</_txVoltage>
    <_txCurrent>40 mA</_txCurrent>
    <_txPower>-3 dBm</_txPower>
    <_rxPower>-5 dBm</_rxPower>
  </SFP>
  <SFP>
    <_distname>MRBTS-256091/EQM-1/APEQM-1/CABINET-1/SMOD-1/SFP-1</_distname>
    <_physicalPort>RF_EXT2-2</_physicalPort>
    <_sfpVendor>INNOLIGHT_TR-PS13T-VNS</_sfpVendor>
    <_sfpSerialNumber>INEAK0141992</_sfpSerialNumber>
    <_sfpType>LC</_sfpType>
    <_waveLength>1310 nm</_waveLength>
    <_transmissionMode>NotSupported</_transmissionMode>
    <_transmissionRate>6200 Mb/s</_transmissionRate>
    <_transmissionDistance>98.000000 m</_transmissionDistance>
    <_maxTransmissionDistanceSmfKm>2000 m</_maxTransmissionDistanceSmfKm>
    <_maxTransmissionDistanceSmf>2000 m</_maxTransmissionDistanceSmf>
    <_maxTransmissionDistance50U>NotSupported</_maxTransmissionDistance50U>
    <_maxTransmissionDistance625U>NotSupported</_maxTransmissionDistance625U>
    <_maxTransmissionDistanceCopper>NotSupported</_maxTransmissionDistanceCopper>
    <_maxTransmissionDistanceOm3>NotSupported</_maxTransmissionDistanceOm3>
    <_txPwrHiAlmThreshold>2 dBm</_txPwrHiAlmThreshold>
    <_txPwrLoAlmThreshold>-10 dBm</_txPwrLoAlmThreshold>
    <_txPwrHiWarnThreshold>1 dBm</_txPwrHiWarnThreshold>
    <_txPwrLoWarnThreshold>-9 dBm</_txPwrLoWarnThreshold>
    <_rxPwrHiAlmThreshold>1 dBm</_rxPwrHiAlmThreshold>
    <_rxPwrLoAlmThreshold>-20 dBm</_rxPwrLoAlmThreshold>
    <_rxPwrHiWarnThreshold>0 dBm</_rxPwrHiWarnThreshold>
    <_rxPwrLoWarnThreshold>-19 dBm</_rxPwrLoWarnThreshold>
    <_tempHiAlmThreshold>100 C</_tempHiAlmThreshold>
    <_tempLoAlmThreshold>-50 C</_tempLoAlmThreshold>
    <_temperature>53 C</_temperature>
    <_txVoltage>3230 mV</_txVoltage>
    <_txCurrent>43 mA</_txCurrent>
    <_txPower>-4 dBm</_txPower>
    <_rxPower>-4 dBm</_rxPower>
  </SFP>
  <SFP>
    <_distname>MRBTS-256091/EQM-1/APEQM-1/RMOD-3/SFP-2</_distname>
    <_physicalPort>OPT_IF2-10</_physicalPort>
    <_sfpVendor>FINISARCORP._FTLF1326P3BTL-NN</_sfpVendor>
    <_sfpSerialNumber>VF1407000QK    </_sfpSerialNumber>
    <_sfpType>LC</_sfpType>
    <_waveLength>1310 nm</_waveLength>
    <_transmissionMode>SingleMode</_transmissionMode>
    <_transmissionRate>6300 Mb/s</_transmissionRate>
    <_transmissionDistance>119.000000 m</_transmissionDistance>
    <_maxTransmissionDistanceSmfKm>2000 m</_maxTransmissionDistanceSmfKm>
    <_maxTransmissionDistanceSmf>2000 m</_maxTransmissionDistanceSmf>
    <_maxTransmissionDistance50U>NotSupported</_maxTransmissionDistance50U>
    <_maxTransmissionDistance625U>NotSupported</_maxTransmissionDistance625U>
    <_maxTransmissionDistanceCopper>NotSupported</_maxTransmissionDistanceCopper>
    <_maxTransmissionDistanceOm3>NotSupported</_maxTransmissionDistanceOm3>
    <_txPwrHiAlmThreshold>NotSupported</_txPwrHiAlmThreshold>
    <_txPwrLoAlmThreshold>NotSupported</_txPwrLoAlmThreshold>
    <_txPwrHiWarnThreshold>NotSupported</_txPwrHiWarnThreshold>
    <_txPwrLoWarnThreshold>NotSupported</_txPwrLoWarnThreshold>
    <_rxPwrHiAlmThreshold>NotSupported</_rxPwrHiAlmThreshold>
    <_rxPwrLoAlmThreshold>NotSupported</_rxPwrLoAlmThreshold>
    <_rxPwrHiWarnThreshold>NotSupported</_rxPwrHiWarnThreshold>
    <_rxPwrLoWarnThreshold>NotSupported</_rxPwrLoWarnThreshold>
    <_tempHiAlmThreshold>NotSupported</_tempHiAlmThreshold>
    <_tempLoAlmThreshold>NotSupported</_tempLoAlmThreshold>
    <_temperature>48 C</_temperature>
    <_txVoltage>3266 mV</_txVoltage>
    <_txCurrent>47 mA</_txCurrent>
    <_txPower>-1 dBm</_txPower>
    <_rxPower>-1 dBm</_rxPower>
  </SFP>
  <SFP>
    <_distname>MRBTS-256091/EQM-1/APEQM-1/CABINET-1/SMOD-1/SFP-2</_distname>
    <_physicalPort>RF_EXT1-4</_physicalPort>
    <_sfpVendor>FINISARCORP._FTLF1326P3BTL-NN</_sfpVendor>
    <_sfpSerialNumber>VF1407000QX</_sfpSerialNumber>
    <_sfpType>LC</_sfpType>
    <_waveLength>1310 nm</_waveLength>
    <_transmissionMode>SingleMode</_transmissionMode>
    <_transmissionRate>6300 Mb/s</_transmissionRate>
    <_transmissionDistance>119.000000 m</_transmissionDistance>
    <_maxTransmissionDistanceSmfKm>2000 m</_maxTransmissionDistanceSmfKm>
    <_maxTransmissionDistanceSmf>2000 m</_maxTransmissionDistanceSmf>
    <_maxTransmissionDistance50U>NotSupported</_maxTransmissionDistance50U>
    <_maxTransmissionDistance625U>NotSupported</_maxTransmissionDistance625U>
    <_maxTransmissionDistanceCopper>NotSupported</_maxTransmissionDistanceCopper>
    <_maxTransmissionDistanceOm3>NotSupported</_maxTransmissionDistanceOm3>
    <_txPwrHiAlmThreshold>1 dBm</_txPwrHiAlmThreshold>
    <_txPwrLoAlmThreshold>-10 dBm</_txPwrLoAlmThreshold>
    <_txPwrHiWarnThreshold>0 dBm</_txPwrHiWarnThreshold>
    <_txPwrLoWarnThreshold>-8 dBm</_txPwrLoWarnThreshold>
    <_rxPwrHiAlmThreshold>1 dBm</_rxPwrHiAlmThreshold>
    <_rxPwrLoAlmThreshold>-21 dBm</_rxPwrLoAlmThreshold>
    <_rxPwrHiWarnThreshold>0 dBm</_rxPwrHiWarnThreshold>
    <_rxPwrLoWarnThreshold>-19 dBm</_rxPwrLoWarnThreshold>
    <_tempHiAlmThreshold>110 C</_tempHiAlmThreshold>
    <_tempLoAlmThreshold>-40 C</_tempLoAlmThreshold>
    <_temperature>58 C</_temperature>
    <_txVoltage>3210 mV</_txVoltage>
    <_txCurrent>50 mA</_txCurrent>
    <_txPower>-2 dBm</_txPower>
    <_rxPower>-1 dBm</_rxPower>
  </SFP>
  <SFP>
    <_distname>MRBTS-256091/EQM-1/APEQM-1/RMOD-1/SFP-3</_distname>
    <_physicalPort>OPT_IF1-1</_physicalPort>
    <_sfpVendor>INNOLIGHT_TR-PS13T-VNS</_sfpVendor>
    <_sfpSerialNumber>INCBE0011184   </_sfpSerialNumber>
    <_sfpType>LC</_sfpType>
    <_waveLength>1310 nm</_waveLength>
    <_transmissionMode>NotSupported</_transmissionMode>
    <_transmissionRate>6200 Mb/s</_transmissionRate>
    <_transmissionDistance>69.000000 m</_transmissionDistance>
    <_maxTransmissionDistanceSmfKm>2000 m</_maxTransmissionDistanceSmfKm>
    <_maxTransmissionDistanceSmf>2000 m</_maxTransmissionDistanceSmf>
    <_maxTransmissionDistance50U>NotSupported</_maxTransmissionDistance50U>
    <_maxTransmissionDistance625U>NotSupported</_maxTransmissionDistance625U>
    <_maxTransmissionDistanceCopper>NotSupported</_maxTransmissionDistanceCopper>
    <_maxTransmissionDistanceOm3>NotSupported</_maxTransmissionDistanceOm3>
    <_txPwrHiAlmThreshold>NotSupported</_txPwrHiAlmThreshold>
    <_txPwrLoAlmThreshold>NotSupported</_txPwrLoAlmThreshold>
    <_txPwrHiWarnThreshold>NotSupported</_txPwrHiWarnThreshold>
    <_txPwrLoWarnThreshold>NotSupported</_txPwrLoWarnThreshold>
    <_rxPwrHiAlmThreshold>NotSupported</_rxPwrHiAlmThreshold>
    <_rxPwrLoAlmThreshold>NotSupported</_rxPwrLoAlmThreshold>
    <_rxPwrHiWarnThreshold>NotSupported</_rxPwrHiWarnThreshold>
    <_rxPwrLoWarnThreshold>NotSupported</_rxPwrLoWarnThreshold>
    <_tempHiAlmThreshold>NotSupported</_tempHiAlmThreshold>
    <_tempLoAlmThreshold>NotSupported</_tempLoAlmThreshold>
    <_temperature>36 C</_temperature>
    <_txVoltage>3324 mV</_txVoltage>
    <_txCurrent>35 mA</_txCurrent>
    <_txPower>-3 dBm</_txPower>
    <_rxPower>-5 dBm</_rxPower>
  </SFP>
  <SFP>
    <_distname>MRBTS-256091/EQM-1/APEQM-1/CABINET-1/SMOD-1/SFP-3</_distname>
    <_physicalPort>RF_EXT1-1</_physicalPort>
    <_sfpVendor>FINISARCORP._FTLF1326P3BTL-NN</_sfpVendor>
    <_sfpSerialNumber>VF14070032R</_sfpSerialNumber>
    <_sfpType>LC</_sfpType>
    <_waveLength>1310 nm</_waveLength>
    <_transmissionMode>SingleMode</_transmissionMode>
    <_transmissionRate>6300 Mb/s</_transmissionRate>
    <_transmissionDistance>69.000000 m</_transmissionDistance>
    <_maxTransmissionDistanceSmfKm>2000 m</_maxTransmissionDistanceSmfKm>
    <_maxTransmissionDistanceSmf>2000 m</_maxTransmissionDistanceSmf>
    <_maxTransmissionDistance50U>NotSupported</_maxTransmissionDistance50U>
    <_maxTransmissionDistance625U>NotSupported</_maxTransmissionDistance625U>
    <_maxTransmissionDistanceCopper>NotSupported</_maxTransmissionDistanceCopper>
    <_maxTransmissionDistanceOm3>NotSupported</_maxTransmissionDistanceOm3>
    <_txPwrHiAlmThreshold>1 dBm</_txPwrHiAlmThreshold>
    <_txPwrLoAlmThreshold>-10 dBm</_txPwrLoAlmThreshold>
    <_txPwrHiWarnThreshold>0 dBm</_txPwrHiWarnThreshold>
    <_txPwrLoWarnThreshold>-8 dBm</_txPwrLoWarnThreshold>
    <_rxPwrHiAlmThreshold>1 dBm</_rxPwrHiAlmThreshold>
    <_rxPwrLoAlmThreshold>-21 dBm</_rxPwrLoAlmThreshold>
    <_rxPwrHiWarnThreshold>0 dBm</_rxPwrHiWarnThreshold>
    <_rxPwrLoWarnThreshold>-19 dBm</_rxPwrLoWarnThreshold>
    <_tempHiAlmThreshold>110 C</_tempHiAlmThreshold>
    <_tempLoAlmThreshold>-40 C</_tempLoAlmThreshold>
    <_temperature>61 C</_temperature>
    <_txVoltage>3213 mV</_txVoltage>
    <_txCurrent>52 mA</_txCurrent>
    <_txPower>-1 dBm</_txPower>
    <_rxPower>-3 dBm</_rxPower>
  </SFP>
  <SFP>
    <_distname>MRBTS-256091/EQM-1/APEQM-1/CABINET-1/BBMOD-2/SFP-1</_distname>
    <_physicalPort>RF_EXT1-1</_physicalPort>
    <_sfpVendor>FINISARCORP._FTLF1326P3BTL-NN</_sfpVendor>
    <_sfpSerialNumber>VF1407000R3</_sfpSerialNumber>
    <_sfpType>LC</_sfpType>
    <_waveLength>1310 nm</_waveLength>
    <_transmissionMode>SingleMode</_transmissionMode>
    <_transmissionRate>6300 Mb/s</_transmissionRate>
    <_transmissionDistance>101.000000 m</_transmissionDistance>
    <_maxTransmissionDistanceSmfKm>2000 m</_maxTransmissionDistanceSmfKm>
    <_maxTransmissionDistanceSmf>2000 m</_maxTransmissionDistanceSmf>
    <_maxTransmissionDistance50U>NotSupported</_maxTransmissionDistance50U>
    <_maxTransmissionDistance625U>NotSupported</_maxTransmissionDistance625U>
    <_maxTransmissionDistanceCopper>NotSupported</_maxTransmissionDistanceCopper>
    <_maxTransmissionDistanceOm3>NotSupported</_maxTransmissionDistanceOm3>
    <_txPwrHiAlmThreshold>1 dBm</_txPwrHiAlmThreshold>
    <_txPwrLoAlmThreshold>-10 dBm</_txPwrLoAlmThreshold>
    <_txPwrHiWarnThreshold>0 dBm</_txPwrHiWarnThreshold>
    <_txPwrLoWarnThreshold>-8 dBm</_txPwrLoWarnThreshold>
    <_rxPwrHiAlmThreshold>1 dBm</_rxPwrHiAlmThreshold>
    <_rxPwrLoAlmThreshold>-21 dBm</_rxPwrLoAlmThreshold>
    <_rxPwrHiWarnThreshold>0 dBm</_rxPwrHiWarnThreshold>
    <_rxPwrLoWarnThreshold>-19 dBm</_rxPwrLoWarnThreshold>
    <_tempHiAlmThreshold>110 C</_tempHiAlmThreshold>
    <_tempLoAlmThreshold>-40 C</_tempLoAlmThreshold>
    <_temperature>65 C</_temperature>
    <_txVoltage>3287 mV</_txVoltage>
    <_txCurrent>52 mA</_txCurrent>
    <_txPower>-1 dBm</_txPower>
    <_rxPower>-14 dBm</_rxPower>
  </SFP>
  <SFP>
    <_distname>MRBTS-256091/EQM-1/APEQM-1/RMOD-2/SFP-4</_distname>
    <_physicalPort>OPT_IF2-2</_physicalPort>
    <_sfpVendor>FINISARCORP._FTLF1326P3BTL-NN</_sfpVendor>
    <_sfpSerialNumber>VF140600D7T    </_sfpSerialNumber>
    <_sfpType>LC</_sfpType>
    <_waveLength>1310 nm</_waveLength>
    <_transmissionMode>SingleMode</_transmissionMode>
    <_transmissionRate>6300 Mb/s</_transmissionRate>
    <_transmissionDistance>121.000000 m</_transmissionDistance>
    <_maxTransmissionDistanceSmfKm>2000 m</_maxTransmissionDistanceSmfKm>
    <_maxTransmissionDistanceSmf>2000 m</_maxTransmissionDistanceSmf>
    <_maxTransmissionDistance50U>NotSupported</_maxTransmissionDistance50U>
    <_maxTransmissionDistance625U>NotSupported</_maxTransmissionDistance625U>
    <_maxTransmissionDistanceCopper>NotSupported</_maxTransmissionDistanceCopper>
    <_maxTransmissionDistanceOm3>NotSupported</_maxTransmissionDistanceOm3>
    <_txPwrHiAlmThreshold>NotSupported</_txPwrHiAlmThreshold>
    <_txPwrLoAlmThreshold>NotSupported</_txPwrLoAlmThreshold>
    <_txPwrHiWarnThreshold>NotSupported</_txPwrHiWarnThreshold>
    <_txPwrLoWarnThreshold>NotSupported</_txPwrLoWarnThreshold>
    <_rxPwrHiAlmThreshold>NotSupported</_rxPwrHiAlmThreshold>
    <_rxPwrLoAlmThreshold>NotSupported</_rxPwrLoAlmThreshold>
    <_rxPwrHiWarnThreshold>NotSupported</_rxPwrHiWarnThreshold>
    <_rxPwrLoWarnThreshold>NotSupported</_rxPwrLoWarnThreshold>
    <_tempHiAlmThreshold>NotSupported</_tempHiAlmThreshold>
    <_tempLoAlmThreshold>NotSupported</_tempLoAlmThreshold>
    <_temperature>39 C</_temperature>
    <_txVoltage>3286 mV</_txVoltage>
    <_txCurrent>46 mA</_txCurrent>
    <_txPower>-2 dBm</_txPower>
    <_rxPower>-2 dBm</_rxPower>
  </SFP>
  <SFP>
    <_distname>MRBTS-256091/EQM-1/APEQM-1/CABINET-1/BBMOD-1/SFP-2</_distname>
    <_physicalPort>RF_EXT1-1</_physicalPort>
    <_sfpVendor>FINISARCORP._FTLF1326P3BTL-NN</_sfpVendor>
    <_sfpSerialNumber>VF140600AL1</_sfpSerialNumber>
    <_sfpType>LC</_sfpType>
    <_waveLength>1310 nm</_waveLength>
    <_transmissionMode>SingleMode</_transmissionMode>
    <_transmissionRate>6300 Mb/s</_transmissionRate>
    <_transmissionDistance>121.000000 m</_transmissionDistance>
    <_maxTransmissionDistanceSmfKm>2000 m</_maxTransmissionDistanceSmfKm>
    <_maxTransmissionDistanceSmf>2000 m</_maxTransmissionDistanceSmf>
    <_maxTransmissionDistance50U>NotSupported</_maxTransmissionDistance50U>
    <_maxTransmissionDistance625U>NotSupported</_maxTransmissionDistance625U>
    <_maxTransmissionDistanceCopper>NotSupported</_maxTransmissionDistanceCopper>
    <_maxTransmissionDistanceOm3>NotSupported</_maxTransmissionDistanceOm3>
    <_txPwrHiAlmThreshold>1 dBm</_txPwrHiAlmThreshold>
    <_txPwrLoAlmThreshold>-10 dBm</_txPwrLoAlmThreshold>
    <_txPwrHiWarnThreshold>0 dBm</_txPwrHiWarnThreshold>
    <_txPwrLoWarnThreshold>-8 dBm</_txPwrLoWarnThreshold>
    <_rxPwrHiAlmThreshold>1 dBm</_rxPwrHiAlmThreshold>
    <_rxPwrLoAlmThreshold>-21 dBm</_rxPwrLoAlmThreshold>
    <_rxPwrHiWarnThreshold>0 dBm</_rxPwrHiWarnThreshold>
    <_rxPwrLoWarnThreshold>-19 dBm</_rxPwrLoWarnThreshold>
    <_tempHiAlmThreshold>110 C</_tempHiAlmThreshold>
    <_tempLoAlmThreshold>-40 C</_tempLoAlmThreshold>
    <_temperature>66 C</_temperature>
    <_txVoltage>3300 mV</_txVoltage>
    <_txCurrent>51 mA</_txCurrent>
    <_txPower>-2 dBm</_txPower>
    <_rxPower>-2 dBm</_rxPower>
  </SFP>
  <SFP>
    <_distname>MRBTS-256091/EQM-1/APEQM-1/RMOD-2/SFP-5</_distname>
    <_physicalPort>OPT_IF1-1</_physicalPort>
    <_sfpVendor>INNOLIGHT_TR-PS13T-VNS</_sfpVendor>
    <_sfpSerialNumber>INDAV0270732   </_sfpSerialNumber>
    <_sfpType>LC</_sfpType>
    <_waveLength>1310 nm</_waveLength>
    <_transmissionMode>NotSupported</_transmissionMode>
    <_transmissionRate>6200 Mb/s</_transmissionRate>
    <_transmissionDistance>99.000000 m</_transmissionDistance>
    <_maxTransmissionDistanceSmfKm>2000 m</_maxTransmissionDistanceSmfKm>
    <_maxTransmissionDistanceSmf>2000 m</_maxTransmissionDistanceSmf>
    <_maxTransmissionDistance50U>NotSupported</_maxTransmissionDistance50U>
    <_maxTransmissionDistance625U>NotSupported</_maxTransmissionDistance625U>
    <_maxTransmissionDistanceCopper>NotSupported</_maxTransmissionDistanceCopper>
    <_maxTransmissionDistanceOm3>NotSupported</_maxTransmissionDistanceOm3>
    <_txPwrHiAlmThreshold>NotSupported</_txPwrHiAlmThreshold>
    <_txPwrLoAlmThreshold>NotSupported</_txPwrLoAlmThreshold>
    <_txPwrHiWarnThreshold>NotSupported</_txPwrHiWarnThreshold>
    <_txPwrLoWarnThreshold>NotSupported</_txPwrLoWarnThreshold>
    <_rxPwrHiAlmThreshold>NotSupported</_rxPwrHiAlmThreshold>
    <_rxPwrLoAlmThreshold>NotSupported</_rxPwrLoAlmThreshold>
    <_rxPwrHiWarnThreshold>NotSupported</_rxPwrHiWarnThreshold>
    <_rxPwrLoWarnThreshold>NotSupported</_rxPwrLoWarnThreshold>
    <_tempHiAlmThreshold>NotSupported</_tempHiAlmThreshold>
    <_tempLoAlmThreshold>NotSupported</_tempLoAlmThreshold>
    <_temperature>35 C</_temperature>
    <_txVoltage>3275 mV</_txVoltage>
    <_txCurrent>39 mA</_txCurrent>
    <_txPower>-4 dBm</_txPower>
    <_rxPower>-2 dBm</_rxPower>
  </SFP>
  <SFP>
    <_distname>MRBTS-256091/EQM-1/APEQM-1/CABINET-1/SMOD-1/SFP-4</_distname>
    <_physicalPort>RF_EXT3-3</_physicalPort>
    <_sfpVendor>FINISARCORP._FTLF1326P3BTL-NN</_sfpVendor>
    <_sfpSerialNumber>VF140600AKS</_sfpSerialNumber>
    <_sfpType>LC</_sfpType>
    <_waveLength>1310 nm</_waveLength>
    <_transmissionMode>SingleMode</_transmissionMode>
    <_transmissionRate>6300 Mb/s</_transmissionRate>
    <_transmissionDistance>99.000000 m</_transmissionDistance>
    <_maxTransmissionDistanceSmfKm>2000 m</_maxTransmissionDistanceSmfKm>
    <_maxTransmissionDistanceSmf>2000 m</_maxTransmissionDistanceSmf>
    <_maxTransmissionDistance50U>NotSupported</_maxTransmissionDistance50U>
    <_maxTransmissionDistance625U>NotSupported</_maxTransmissionDistance625U>
    <_maxTransmissionDistanceCopper>NotSupported</_maxTransmissionDistanceCopper>
    <_maxTransmissionDistanceOm3>NotSupported</_maxTransmissionDistanceOm3>
    <_txPwrHiAlmThreshold>1 dBm</_txPwrHiAlmThreshold>
    <_txPwrLoAlmThreshold>-10 dBm</_txPwrLoAlmThreshold>
    <_txPwrHiWarnThreshold>0 dBm</_txPwrHiWarnThreshold>
    <_txPwrLoWarnThreshold>-8 dBm</_txPwrLoWarnThreshold>
    <_rxPwrHiAlmThreshold>1 dBm</_rxPwrHiAlmThreshold>
    <_rxPwrLoAlmThreshold>-21 dBm</_rxPwrLoAlmThreshold>
    <_rxPwrHiWarnThreshold>0 dBm</_rxPwrHiWarnThreshold>
    <_rxPwrLoWarnThreshold>-19 dBm</_rxPwrLoWarnThreshold>
    <_tempHiAlmThreshold>110 C</_tempHiAlmThreshold>
    <_tempLoAlmThreshold>-40 C</_tempLoAlmThreshold>
    <_temperature>56 C</_temperature>
    <_txVoltage>3224 mV</_txVoltage>
    <_txCurrent>50 mA</_txCurrent>
    <_txPower>-2 dBm</_txPower>
    <_rxPower>-3 dBm</_rxPower>
  </SFP>
</SFPDiagnosticDataMonitoringNotification>
