<?xml version="1.0" encoding="UTF-8" standalone="no"?>
<SFPDiagnosticDataMonitoringNotification>
  <Cablink>
    <_endPoint1>MRBTS-256087/EQM-1/APEQM-1/RMOD-2/SFP-1</_endPoint1>
    <_endPoint2>MRBTS-256087/EQM-1/APEQM-1/CABINET-1/BBMOD-1/SFP-1</_endPoint2>
    <_linkType>CPRILink</_linkType>
    <_linkSpeed>9830 Mb/s</_linkSpeed>
    <_ber>0</_ber>
    <_lcv>0</_lcv>
  </Cablink>
  <Cablink>
    <_endPoint1>MRBTS-256087/EQM-1/APEQM-1/RMOD-1/SFP-2</_endPoint1>
    <_endPoint2>MRBTS-256087/EQM-1/APEQM-1/CABINET-1/BBMOD-2/SFP-2</_endPoint2>
    <_linkType>CPRILink</_linkType>
    <_linkSpeed>9830 Mb/s</_linkSpeed>
    <_ber>0</_ber>
    <_lcv>0</_lcv>
  </Cablink>
  <Cablink>
    <_endPoint1>MRBTS-256087/EQM-1/APEQM-1/RMOD-1/SFP-3</_endPoint1>
    <_endPoint2>MRBTS-256087/EQM-1/APEQM-1/CABINET-1/BBMOD-1/SFP-3</_endPoint2>
    <_linkType>CPRILink</_linkType>
    <_linkSpeed>9830 Mb/s</_linkSpeed>
    <_ber>0</_ber>
    <_lcv>0</_lcv>
  </Cablink>
  <Cablink>
    <_endPoint1>MRBTS-256087/EQM-1/APEQM-1/RMOD-3/SFP-4</_endPoint1>
    <_endPoint2>MRBTS-256087/EQM-1/APEQM-1/CABINET-1/BBMOD-1/SFP-4</_endPoint2>
    <_linkType>CPRILink</_linkType>
    <_linkSpeed>9830 Mb/s</_linkSpeed>
    <_ber>0</_ber>
    <_lcv>0</_lcv>
  </Cablink>
  <Cablink>
    <_endPoint1>MRBTS-256087/EQM-1/APEQM-1/RMOD-2/SFP-5</_endPoint1>
    <_endPoint2>MRBTS-256087/EQM-1/APEQM-1/CABINET-1/BBMOD-2/SFP-5</_endPoint2>
    <_linkType>CPRILink</_linkType>
    <_linkSpeed>9830 Mb/s</_linkSpeed>
    <_ber>0</_ber>
    <_lcv>0</_lcv>
  </Cablink>
  <Cablink>
    <_endPoint1>MRBTS-256087/EQM-1/APEQM-1/RMOD-3/SFP-6</_endPoint1>
    <_endPoint2>MRBTS-256087/EQM-1/APEQM-1/CABINET-1/BBMOD-2/SFP-6</_endPoint2>
    <_linkType>CPRILink</_linkType>
    <_linkSpeed>9830 Mb/s</_linkSpeed>
    <_ber>0</_ber>
    <_lcv>0</_lcv>
  </Cablink>
  <Cablink>
    <_endPoint1>MRBTS-256087/EQM-1/APEQM-1/RMOD-6/SFP-7</_endPoint1>
    <_endPoint2>MRBTS-256087/EQM-1/APEQM-1/CABINET-1/BBMOD-3/SFP-7</_endPoint2>
    <_linkType>CPRILink</_linkType>
    <_linkSpeed>9830 Mb/s</_linkSpeed>
    <_ber>0</_ber>
    <_lcv>0</_lcv>
  </Cablink>
  <Cablink>
    <_endPoint1>MRBTS-256087/EQM-1/APEQM-1/RMOD-5/SFP-8</_endPoint1>
    <_endPoint2>MRBTS-256087/EQM-1/APEQM-1/CABINET-1/BBMOD-3/SFP-8</_endPoint2>
    <_linkType>CPRILink</_linkType>
    <_linkSpeed>9830 Mb/s</_linkSpeed>
    <_ber>0</_ber>
    <_lcv>0</_lcv>
  </Cablink>
  <Cablink>
    <_endPoint1>MRBTS-256087/EQM-1/APEQM-1/RMOD-4/SFP-9</_endPoint1>
    <_endPoint2>MRBTS-256087/EQM-1/APEQM-1/CABINET-1/BBMOD-3/SFP-9</_endPoint2>
    <_linkType>CPRILink</_linkType>
    <_linkSpeed>9830 Mb/s</_linkSpeed>
    <_ber>0</_ber>
    <_lcv>0</_lcv>
  </Cablink>
  <SFP>
    <_distname>MRBTS-256087/EQM-1/APEQM-1/RMOD-2/SFP-1</_distname>
    <_physicalPort>OPT_IF1-1</_physicalPort>
    <_sfpVendor>WTD_RTXM228-702</_sfpVendor>
    <_sfpSerialNumber>FR172810260</_sfpSerialNumber>
    <_sfpType>LC</_sfpType>
    <_waveLength>1310 nm</_waveLength>
    <_transmissionMode>NotSupported</_transmissionMode>
    <_transmissionRate>10000 Mb/s</_transmissionRate>
    <_transmissionDistance>78.000000 m</_transmissionDistance>
    <_maxTransmissionDistanceSmfKm>1000 m</_maxTransmissionDistanceSmfKm>
    <_maxTransmissionDistanceSmf>1400 m</_maxTransmissionDistanceSmf>
    <_maxTransmissionDistance50U>NotSupported</_maxTransmissionDistance50U>
    <_maxTransmissionDistance625U>NotSupported</_maxTransmissionDistance625U>
    <_maxTransmissionDistanceCopper>NotSupported</_maxTransmissionDistanceCopper>
    <_maxTransmissionDistanceOm3>NotSupported</_maxTransmissionDistanceOm3>
    <_txPwrHiAlmThreshold>2 dBm</_txPwrHiAlmThreshold>
    <_txPwrLoAlmThreshold>-10 dBm</_txPwrLoAlmThreshold>
    <_txPwrHiWarnThreshold>0 dBm</_txPwrHiWarnThreshold>
    <_txPwrLoWarnThreshold>-8 dBm</_txPwrLoWarnThreshold>
    <_rxPwrHiAlmThreshold>3 dBm</_rxPwrHiAlmThreshold>
    <_rxPwrLoAlmThreshold>-16 dBm</_rxPwrLoAlmThreshold>
    <_rxPwrHiWarnThreshold>0 dBm</_rxPwrHiWarnThreshold>
    <_rxPwrLoWarnThreshold>-14 dBm</_rxPwrLoWarnThreshold>
    <_tempHiAlmThreshold>88 C</_tempHiAlmThreshold>
    <_tempLoAlmThreshold>-43 C</_tempLoAlmThreshold>
    <_temperature>33 C</_temperature>
    <_txVoltage>3276 mV</_txVoltage>
    <_txCurrent>41 mA</_txCurrent>
    <_txPower>-3 dBm</_txPower>
    <_rxPower>-3 dBm</_rxPower>
  </SFP>
  <SFP>
    <_distname>MRBTS-256087/EQM-1/APEQM-1/CABINET-1/BBMOD-1/SFP-1</_distname>
    <_physicalPort>RF2-2</_physicalPort>
    <_sfpVendor>WTD_RTXM228-702</_sfpVendor>
    <_sfpSerialNumber>FR170411968</_sfpSerialNumber>
    <_sfpType>LC</_sfpType>
    <_waveLength>1310 nm</_waveLength>
    <_transmissionMode>NotSupported</_transmissionMode>
    <_transmissionRate>10000 Mb/s</_transmissionRate>
    <_transmissionDistance>78.000000 m</_transmissionDistance>
    <_maxTransmissionDistanceSmfKm>1000 m</_maxTransmissionDistanceSmfKm>
    <_maxTransmissionDistanceSmf>1400 m</_maxTransmissionDistanceSmf>
    <_maxTransmissionDistance50U>NotSupported</_maxTransmissionDistance50U>
    <_maxTransmissionDistance625U>NotSupported</_maxTransmissionDistance625U>
    <_maxTransmissionDistanceCopper>NotSupported</_maxTransmissionDistanceCopper>
    <_maxTransmissionDistanceOm3>NotSupported</_maxTransmissionDistanceOm3>
    <_txPwrHiAlmThreshold>2 dBm</_txPwrHiAlmThreshold>
    <_txPwrLoAlmThreshold>-10 dBm</_txPwrLoAlmThreshold>
    <_txPwrHiWarnThreshold>0 dBm</_txPwrHiWarnThreshold>
    <_txPwrLoWarnThreshold>-8 dBm</_txPwrLoWarnThreshold>
    <_rxPwrHiAlmThreshold>3 dBm</_rxPwrHiAlmThreshold>
    <_rxPwrLoAlmThreshold>-16 dBm</_rxPwrLoAlmThreshold>
    <_rxPwrHiWarnThreshold>0 dBm</_rxPwrHiWarnThreshold>
    <_rxPwrLoWarnThreshold>-14 dBm</_rxPwrLoWarnThreshold>
    <_tempHiAlmThreshold>88 C</_tempHiAlmThreshold>
    <_tempLoAlmThreshold>-43 C</_tempLoAlmThreshold>
    <_temperature>39 C</_temperature>
    <_txVoltage>3197 mV</_txVoltage>
    <_txCurrent>43 mA</_txCurrent>
    <_txPower>-3 dBm</_txPower>
    <_rxPower>-2 dBm</_rxPower>
  </SFP>
  <SFP>
    <_distname>MRBTS-256087/EQM-1/APEQM-1/RMOD-1/SFP-2</_distname>
    <_physicalPort>OPT_IF2-6</_physicalPort>
    <_sfpVendor>WTD_RTXM228-702</_sfpVendor>
    <_sfpSerialNumber>FR172810265</_sfpSerialNumber>
    <_sfpType>LC</_sfpType>
    <_waveLength>1310 nm</_waveLength>
    <_transmissionMode>NotSupported</_transmissionMode>
    <_transmissionRate>10000 Mb/s</_transmissionRate>
    <_transmissionDistance>0.000000 m</_transmissionDistance>
    <_maxTransmissionDistanceSmfKm>1000 m</_maxTransmissionDistanceSmfKm>
    <_maxTransmissionDistanceSmf>1400 m</_maxTransmissionDistanceSmf>
    <_maxTransmissionDistance50U>NotSupported</_maxTransmissionDistance50U>
    <_maxTransmissionDistance625U>NotSupported</_maxTransmissionDistance625U>
    <_maxTransmissionDistanceCopper>NotSupported</_maxTransmissionDistanceCopper>
    <_maxTransmissionDistanceOm3>NotSupported</_maxTransmissionDistanceOm3>
    <_txPwrHiAlmThreshold>2 dBm</_txPwrHiAlmThreshold>
    <_txPwrLoAlmThreshold>-10 dBm</_txPwrLoAlmThreshold>
    <_txPwrHiWarnThreshold>0 dBm</_txPwrHiWarnThreshold>
    <_txPwrLoWarnThreshold>-8 dBm</_txPwrLoWarnThreshold>
    <_rxPwrHiAlmThreshold>3 dBm</_rxPwrHiAlmThreshold>
    <_rxPwrLoAlmThreshold>-16 dBm</_rxPwrLoAlmThreshold>
    <_rxPwrHiWarnThreshold>0 dBm</_rxPwrHiWarnThreshold>
    <_rxPwrLoWarnThreshold>-14 dBm</_rxPwrLoWarnThreshold>
    <_tempHiAlmThreshold>88 C</_tempHiAlmThreshold>
    <_tempLoAlmThreshold>-43 C</_tempLoAlmThreshold>
    <_temperature>33 C</_temperature>
    <_txVoltage>3321 mV</_txVoltage>
    <_txCurrent>42 mA</_txCurrent>
    <_txPower>-4 dBm</_txPower>
    <_rxPower>-3 dBm</_rxPower>
  </SFP>
  <SFP>
    <_distname>MRBTS-256087/EQM-1/APEQM-1/CABINET-1/BBMOD-2/SFP-2</_distname>
    <_physicalPort>RF1-1</_physicalPort>
    <_sfpVendor>WTD_RTXM228-702</_sfpVendor>
    <_sfpSerialNumber>FR170411969</_sfpSerialNumber>
    <_sfpType>LC</_sfpType>
    <_waveLength>1310 nm</_waveLength>
    <_transmissionMode>NotSupported</_transmissionMode>
    <_transmissionRate>10000 Mb/s</_transmissionRate>
    <_transmissionDistance>0.000000 m</_transmissionDistance>
    <_maxTransmissionDistanceSmfKm>1000 m</_maxTransmissionDistanceSmfKm>
    <_maxTransmissionDistanceSmf>1400 m</_maxTransmissionDistanceSmf>
    <_maxTransmissionDistance50U>NotSupported</_maxTransmissionDistance50U>
    <_maxTransmissionDistance625U>NotSupported</_maxTransmissionDistance625U>
    <_maxTransmissionDistanceCopper>NotSupported</_maxTransmissionDistanceCopper>
    <_maxTransmissionDistanceOm3>NotSupported</_maxTransmissionDistanceOm3>
    <_txPwrHiAlmThreshold>2 dBm</_txPwrHiAlmThreshold>
    <_txPwrLoAlmThreshold>-10 dBm</_txPwrLoAlmThreshold>
    <_txPwrHiWarnThreshold>0 dBm</_txPwrHiWarnThreshold>
    <_txPwrLoWarnThreshold>-8 dBm</_txPwrLoWarnThreshold>
    <_rxPwrHiAlmThreshold>3 dBm</_rxPwrHiAlmThreshold>
    <_rxPwrLoAlmThreshold>-16 dBm</_rxPwrLoAlmThreshold>
    <_rxPwrHiWarnThreshold>0 dBm</_rxPwrHiWarnThreshold>
    <_rxPwrLoWarnThreshold>-14 dBm</_rxPwrLoWarnThreshold>
    <_tempHiAlmThreshold>88 C</_tempHiAlmThreshold>
    <_tempLoAlmThreshold>-43 C</_tempLoAlmThreshold>
    <_temperature>40 C</_temperature>
    <_txVoltage>3223 mV</_txVoltage>
    <_txCurrent>42 mA</_txCurrent>
    <_txPower>-4 dBm</_txPower>
    <_rxPower>-3 dBm</_rxPower>
  </SFP>
  <SFP>
    <_distname>MRBTS-256087/EQM-1/APEQM-1/RMOD-1/SFP-3</_distname>
    <_physicalPort>OPT_IF1-1</_physicalPort>
    <_sfpVendor>WTD_RTXM228-702</_sfpVendor>
    <_sfpSerialNumber>FR172810253</_sfpSerialNumber>
    <_sfpType>LC</_sfpType>
    <_waveLength>1310 nm</_waveLength>
    <_transmissionMode>NotSupported</_transmissionMode>
    <_transmissionRate>10000 Mb/s</_transmissionRate>
    <_transmissionDistance>59.000000 m</_transmissionDistance>
    <_maxTransmissionDistanceSmfKm>1000 m</_maxTransmissionDistanceSmfKm>
    <_maxTransmissionDistanceSmf>1400 m</_maxTransmissionDistanceSmf>
    <_maxTransmissionDistance50U>NotSupported</_maxTransmissionDistance50U>
    <_maxTransmissionDistance625U>NotSupported</_maxTransmissionDistance625U>
    <_maxTransmissionDistanceCopper>NotSupported</_maxTransmissionDistanceCopper>
    <_maxTransmissionDistanceOm3>NotSupported</_maxTransmissionDistanceOm3>
    <_txPwrHiAlmThreshold>2 dBm</_txPwrHiAlmThreshold>
    <_txPwrLoAlmThreshold>-10 dBm</_txPwrLoAlmThreshold>
    <_txPwrHiWarnThreshold>0 dBm</_txPwrHiWarnThreshold>
    <_txPwrLoWarnThreshold>-8 dBm</_txPwrLoWarnThreshold>
    <_rxPwrHiAlmThreshold>3 dBm</_rxPwrHiAlmThreshold>
    <_rxPwrLoAlmThreshold>-16 dBm</_rxPwrLoAlmThreshold>
    <_rxPwrHiWarnThreshold>0 dBm</_rxPwrHiWarnThreshold>
    <_rxPwrLoWarnThreshold>-14 dBm</_rxPwrLoWarnThreshold>
    <_tempHiAlmThreshold>88 C</_tempHiAlmThreshold>
    <_tempLoAlmThreshold>-43 C</_tempLoAlmThreshold>
    <_temperature>33 C</_temperature>
    <_txVoltage>3366 mV</_txVoltage>
    <_txCurrent>40 mA</_txCurrent>
    <_txPower>-4 dBm</_txPower>
    <_rxPower>-5 dBm</_rxPower>
  </SFP>
  <SFP>
    <_distname>MRBTS-256087/EQM-1/APEQM-1/CABINET-1/BBMOD-1/SFP-3</_distname>
    <_physicalPort>RF1-1</_physicalPort>
    <_sfpVendor>WTD_RTXM228-702</_sfpVendor>
    <_sfpSerialNumber>FR172810257</_sfpSerialNumber>
    <_sfpType>LC</_sfpType>
    <_waveLength>1310 nm</_waveLength>
    <_transmissionMode>NotSupported</_transmissionMode>
    <_transmissionRate>10000 Mb/s</_transmissionRate>
    <_transmissionDistance>59.000000 m</_transmissionDistance>
    <_maxTransmissionDistanceSmfKm>1000 m</_maxTransmissionDistanceSmfKm>
    <_maxTransmissionDistanceSmf>1400 m</_maxTransmissionDistanceSmf>
    <_maxTransmissionDistance50U>NotSupported</_maxTransmissionDistance50U>
    <_maxTransmissionDistance625U>NotSupported</_maxTransmissionDistance625U>
    <_maxTransmissionDistanceCopper>NotSupported</_maxTransmissionDistanceCopper>
    <_maxTransmissionDistanceOm3>NotSupported</_maxTransmissionDistanceOm3>
    <_txPwrHiAlmThreshold>2 dBm</_txPwrHiAlmThreshold>
    <_txPwrLoAlmThreshold>-10 dBm</_txPwrLoAlmThreshold>
    <_txPwrHiWarnThreshold>0 dBm</_txPwrHiWarnThreshold>
    <_txPwrLoWarnThreshold>-8 dBm</_txPwrLoWarnThreshold>
    <_rxPwrHiAlmThreshold>3 dBm</_rxPwrHiAlmThreshold>
    <_rxPwrLoAlmThreshold>-16 dBm</_rxPwrLoAlmThreshold>
    <_rxPwrHiWarnThreshold>0 dBm</_rxPwrHiWarnThreshold>
    <_rxPwrLoWarnThreshold>-14 dBm</_rxPwrLoWarnThreshold>
    <_tempHiAlmThreshold>88 C</_tempHiAlmThreshold>
    <_tempLoAlmThreshold>-43 C</_tempLoAlmThreshold>
    <_temperature>39 C</_temperature>
    <_txVoltage>3185 mV</_txVoltage>
    <_txCurrent>41 mA</_txCurrent>
    <_txPower>-3 dBm</_txPower>
    <_rxPower>-4 dBm</_rxPower>
  </SFP>
  <SFP>
    <_distname>MRBTS-256087/EQM-1/APEQM-1/RMOD-3/SFP-4</_distname>
    <_physicalPort>OPT_IF1-1</_physicalPort>
    <_sfpVendor>WTD_RTXM228-702</_sfpVendor>
    <_sfpSerialNumber>FR172810256</_sfpSerialNumber>
    <_sfpType>LC</_sfpType>
    <_waveLength>1310 nm</_waveLength>
    <_transmissionMode>NotSupported</_transmissionMode>
    <_transmissionRate>10000 Mb/s</_transmissionRate>
    <_transmissionDistance>78.000000 m</_transmissionDistance>
    <_maxTransmissionDistanceSmfKm>1000 m</_maxTransmissionDistanceSmfKm>
    <_maxTransmissionDistanceSmf>1400 m</_maxTransmissionDistanceSmf>
    <_maxTransmissionDistance50U>NotSupported</_maxTransmissionDistance50U>
    <_maxTransmissionDistance625U>NotSupported</_maxTransmissionDistance625U>
    <_maxTransmissionDistanceCopper>NotSupported</_maxTransmissionDistanceCopper>
    <_maxTransmissionDistanceOm3>NotSupported</_maxTransmissionDistanceOm3>
    <_txPwrHiAlmThreshold>2 dBm</_txPwrHiAlmThreshold>
    <_txPwrLoAlmThreshold>-10 dBm</_txPwrLoAlmThreshold>
    <_txPwrHiWarnThreshold>0 dBm</_txPwrHiWarnThreshold>
    <_txPwrLoWarnThreshold>-8 dBm</_txPwrLoWarnThreshold>
    <_rxPwrHiAlmThreshold>3 dBm</_rxPwrHiAlmThreshold>
    <_rxPwrLoAlmThreshold>-16 dBm</_rxPwrLoAlmThreshold>
    <_rxPwrHiWarnThreshold>0 dBm</_rxPwrHiWarnThreshold>
    <_rxPwrLoWarnThreshold>-14 dBm</_rxPwrLoWarnThreshold>
    <_tempHiAlmThreshold>88 C</_tempHiAlmThreshold>
    <_tempLoAlmThreshold>-43 C</_tempLoAlmThreshold>
    <_temperature>32 C</_temperature>
    <_txVoltage>3295 mV</_txVoltage>
    <_txCurrent>41 mA</_txCurrent>
    <_txPower>-4 dBm</_txPower>
    <_rxPower>-3 dBm</_rxPower>
  </SFP>
  <SFP>
    <_distname>MRBTS-256087/EQM-1/APEQM-1/CABINET-1/BBMOD-1/SFP-4</_distname>
    <_physicalPort>RF3-3</_physicalPort>
    <_sfpVendor>WTD_RTXM228-702</_sfpVendor>
    <_sfpSerialNumber>FR170411961</_sfpSerialNumber>
    <_sfpType>LC</_sfpType>
    <_waveLength>1310 nm</_waveLength>
    <_transmissionMode>NotSupported</_transmissionMode>
    <_transmissionRate>10000 Mb/s</_transmissionRate>
    <_transmissionDistance>78.000000 m</_transmissionDistance>
    <_maxTransmissionDistanceSmfKm>1000 m</_maxTransmissionDistanceSmfKm>
    <_maxTransmissionDistanceSmf>1400 m</_maxTransmissionDistanceSmf>
    <_maxTransmissionDistance50U>NotSupported</_maxTransmissionDistance50U>
    <_maxTransmissionDistance625U>NotSupported</_maxTransmissionDistance625U>
    <_maxTransmissionDistanceCopper>NotSupported</_maxTransmissionDistanceCopper>
    <_maxTransmissionDistanceOm3>NotSupported</_maxTransmissionDistanceOm3>
    <_txPwrHiAlmThreshold>2 dBm</_txPwrHiAlmThreshold>
    <_txPwrLoAlmThreshold>-10 dBm</_txPwrLoAlmThreshold>
    <_txPwrHiWarnThreshold>0 dBm</_txPwrHiWarnThreshold>
    <_txPwrLoWarnThreshold>-8 dBm</_txPwrLoWarnThreshold>
    <_rxPwrHiAlmThreshold>3 dBm</_rxPwrHiAlmThreshold>
    <_rxPwrLoAlmThreshold>-16 dBm</_rxPwrLoAlmThreshold>
    <_rxPwrHiWarnThreshold>0 dBm</_rxPwrHiWarnThreshold>
    <_rxPwrLoWarnThreshold>-14 dBm</_rxPwrLoWarnThreshold>
    <_tempHiAlmThreshold>88 C</_tempHiAlmThreshold>
    <_tempLoAlmThreshold>-43 C</_tempLoAlmThreshold>
    <_temperature>39 C</_temperature>
    <_txVoltage>3190 mV</_txVoltage>
    <_txCurrent>43 mA</_txCurrent>
    <_txPower>-4 dBm</_txPower>
    <_rxPower>-4 dBm</_rxPower>
  </SFP>
  <SFP>
    <_distname>MRBTS-256087/EQM-1/APEQM-1/RMOD-2/SFP-5</_distname>
    <_physicalPort>OPT_IF2-6</_physicalPort>
    <_sfpVendor>WTD_RTXM228-702</_sfpVendor>
    <_sfpSerialNumber>FR172810262</_sfpSerialNumber>
    <_sfpType>LC</_sfpType>
    <_waveLength>1310 nm</_waveLength>
    <_transmissionMode>NotSupported</_transmissionMode>
    <_transmissionRate>10000 Mb/s</_transmissionRate>
    <_transmissionDistance>49.000000 m</_transmissionDistance>
    <_maxTransmissionDistanceSmfKm>1000 m</_maxTransmissionDistanceSmfKm>
    <_maxTransmissionDistanceSmf>1400 m</_maxTransmissionDistanceSmf>
    <_maxTransmissionDistance50U>NotSupported</_maxTransmissionDistance50U>
    <_maxTransmissionDistance625U>NotSupported</_maxTransmissionDistance625U>
    <_maxTransmissionDistanceCopper>NotSupported</_maxTransmissionDistanceCopper>
    <_maxTransmissionDistanceOm3>NotSupported</_maxTransmissionDistanceOm3>
    <_txPwrHiAlmThreshold>2 dBm</_txPwrHiAlmThreshold>
    <_txPwrLoAlmThreshold>-10 dBm</_txPwrLoAlmThreshold>
    <_txPwrHiWarnThreshold>0 dBm</_txPwrHiWarnThreshold>
    <_txPwrLoWarnThreshold>-8 dBm</_txPwrLoWarnThreshold>
    <_rxPwrHiAlmThreshold>3 dBm</_rxPwrHiAlmThreshold>
    <_rxPwrLoAlmThreshold>-16 dBm</_rxPwrLoAlmThreshold>
    <_rxPwrHiWarnThreshold>0 dBm</_rxPwrHiWarnThreshold>
    <_rxPwrLoWarnThreshold>-14 dBm</_rxPwrLoWarnThreshold>
    <_tempHiAlmThreshold>88 C</_tempHiAlmThreshold>
    <_tempLoAlmThreshold>-43 C</_tempLoAlmThreshold>
    <_temperature>32 C</_temperature>
    <_txVoltage>3285 mV</_txVoltage>
    <_txCurrent>39 mA</_txCurrent>
    <_txPower>-4 dBm</_txPower>
    <_rxPower>-3 dBm</_rxPower>
  </SFP>
  <SFP>
    <_distname>MRBTS-256087/EQM-1/APEQM-1/CABINET-1/BBMOD-2/SFP-5</_distname>
    <_physicalPort>RF2-2</_physicalPort>
    <_sfpVendor>WTD_RTXM228-702</_sfpVendor>
    <_sfpSerialNumber>FR170411959</_sfpSerialNumber>
    <_sfpType>LC</_sfpType>
    <_waveLength>1310 nm</_waveLength>
    <_transmissionMode>NotSupported</_transmissionMode>
    <_transmissionRate>10000 Mb/s</_transmissionRate>
    <_transmissionDistance>49.000000 m</_transmissionDistance>
    <_maxTransmissionDistanceSmfKm>1000 m</_maxTransmissionDistanceSmfKm>
    <_maxTransmissionDistanceSmf>1400 m</_maxTransmissionDistanceSmf>
    <_maxTransmissionDistance50U>NotSupported</_maxTransmissionDistance50U>
    <_maxTransmissionDistance625U>NotSupported</_maxTransmissionDistance625U>
    <_maxTransmissionDistanceCopper>NotSupported</_maxTransmissionDistanceCopper>
    <_maxTransmissionDistanceOm3>NotSupported</_maxTransmissionDistanceOm3>
    <_txPwrHiAlmThreshold>2 dBm</_txPwrHiAlmThreshold>
    <_txPwrLoAlmThreshold>-10 dBm</_txPwrLoAlmThreshold>
    <_txPwrHiWarnThreshold>0 dBm</_txPwrHiWarnThreshold>
    <_txPwrLoWarnThreshold>-8 dBm</_txPwrLoWarnThreshold>
    <_rxPwrHiAlmThreshold>3 dBm</_rxPwrHiAlmThreshold>
    <_rxPwrLoAlmThreshold>-16 dBm</_rxPwrLoAlmThreshold>
    <_rxPwrHiWarnThreshold>0 dBm</_rxPwrHiWarnThreshold>
    <_rxPwrLoWarnThreshold>-14 dBm</_rxPwrLoWarnThreshold>
    <_tempHiAlmThreshold>88 C</_tempHiAlmThreshold>
    <_tempLoAlmThreshold>-43 C</_tempLoAlmThreshold>
    <_temperature>40 C</_temperature>
    <_txVoltage>3221 mV</_txVoltage>
    <_txCurrent>43 mA</_txCurrent>
    <_txPower>-3 dBm</_txPower>
    <_rxPower>-4 dBm</_rxPower>
  </SFP>
  <SFP>
    <_distname>MRBTS-256087/EQM-1/APEQM-1/RMOD-3/SFP-6</_distname>
    <_physicalPort>OPT_IF2-6</_physicalPort>
    <_sfpVendor>WTD_RTXM228-702</_sfpVendor>
    <_sfpSerialNumber>FR172810254</_sfpSerialNumber>
    <_sfpType>LC</_sfpType>
    <_waveLength>1310 nm</_waveLength>
    <_transmissionMode>NotSupported</_transmissionMode>
    <_transmissionRate>10000 Mb/s</_transmissionRate>
    <_transmissionDistance>49.000000 m</_transmissionDistance>
    <_maxTransmissionDistanceSmfKm>1000 m</_maxTransmissionDistanceSmfKm>
    <_maxTransmissionDistanceSmf>1400 m</_maxTransmissionDistanceSmf>
    <_maxTransmissionDistance50U>NotSupported</_maxTransmissionDistance50U>
    <_maxTransmissionDistance625U>NotSupported</_maxTransmissionDistance625U>
    <_maxTransmissionDistanceCopper>NotSupported</_maxTransmissionDistanceCopper>
    <_maxTransmissionDistanceOm3>NotSupported</_maxTransmissionDistanceOm3>
    <_txPwrHiAlmThreshold>2 dBm</_txPwrHiAlmThreshold>
    <_txPwrLoAlmThreshold>-10 dBm</_txPwrLoAlmThreshold>
    <_txPwrHiWarnThreshold>0 dBm</_txPwrHiWarnThreshold>
    <_txPwrLoWarnThreshold>-8 dBm</_txPwrLoWarnThreshold>
    <_rxPwrHiAlmThreshold>3 dBm</_rxPwrHiAlmThreshold>
    <_rxPwrLoAlmThreshold>-16 dBm</_rxPwrLoAlmThreshold>
    <_rxPwrHiWarnThreshold>0 dBm</_rxPwrHiWarnThreshold>
    <_rxPwrLoWarnThreshold>-14 dBm</_rxPwrLoWarnThreshold>
    <_tempHiAlmThreshold>88 C</_tempHiAlmThreshold>
    <_tempLoAlmThreshold>-43 C</_tempLoAlmThreshold>
    <_temperature>33 C</_temperature>
    <_txVoltage>3271 mV</_txVoltage>
    <_txCurrent>42 mA</_txCurrent>
    <_txPower>-4 dBm</_txPower>
    <_rxPower>-3 dBm</_rxPower>
  </SFP>
  <SFP>
    <_distname>MRBTS-256087/EQM-1/APEQM-1/CABINET-1/BBMOD-2/SFP-6</_distname>
    <_physicalPort>RF3-3</_physicalPort>
    <_sfpVendor>WTD_RTXM228-702</_sfpVendor>
    <_sfpSerialNumber>FR170411960</_sfpSerialNumber>
    <_sfpType>LC</_sfpType>
    <_waveLength>1310 nm</_waveLength>
    <_transmissionMode>NotSupported</_transmissionMode>
    <_transmissionRate>10000 Mb/s</_transmissionRate>
    <_transmissionDistance>49.000000 m</_transmissionDistance>
    <_maxTransmissionDistanceSmfKm>1000 m</_maxTransmissionDistanceSmfKm>
    <_maxTransmissionDistanceSmf>1400 m</_maxTransmissionDistanceSmf>
    <_maxTransmissionDistance50U>NotSupported</_maxTransmissionDistance50U>
    <_maxTransmissionDistance625U>NotSupported</_maxTransmissionDistance625U>
    <_maxTransmissionDistanceCopper>NotSupported</_maxTransmissionDistanceCopper>
    <_maxTransmissionDistanceOm3>NotSupported</_maxTransmissionDistanceOm3>
    <_txPwrHiAlmThreshold>2 dBm</_txPwrHiAlmThreshold>
    <_txPwrLoAlmThreshold>-10 dBm</_txPwrLoAlmThreshold>
    <_txPwrHiWarnThreshold>0 dBm</_txPwrHiWarnThreshold>
    <_txPwrLoWarnThreshold>-8 dBm</_txPwrLoWarnThreshold>
    <_rxPwrHiAlmThreshold>3 dBm</_rxPwrHiAlmThreshold>
    <_rxPwrLoAlmThreshold>-16 dBm</_rxPwrLoAlmThreshold>
    <_rxPwrHiWarnThreshold>0 dBm</_rxPwrHiWarnThreshold>
    <_rxPwrLoWarnThreshold>-14 dBm</_rxPwrLoWarnThreshold>
    <_tempHiAlmThreshold>88 C</_tempHiAlmThreshold>
    <_tempLoAlmThreshold>-43 C</_tempLoAlmThreshold>
    <_temperature>40 C</_temperature>
    <_txVoltage>3185 mV</_txVoltage>
    <_txCurrent>41 mA</_txCurrent>
    <_txPower>-4 dBm</_txPower>
    <_rxPower>-3 dBm</_rxPower>
  </SFP>
  <SFP>
    <_distname>MRBTS-256087/EQM-1/APEQM-1/RMOD-6/SFP-7</_distname>
    <_physicalPort>OPT_IF1-1</_physicalPort>
    <_sfpVendor>WTD_RTXM228-702</_sfpVendor>
    <_sfpSerialNumber>FR172810261</_sfpSerialNumber>
    <_sfpType>LC</_sfpType>
    <_waveLength>1310 nm</_waveLength>
    <_transmissionMode>NotSupported</_transmissionMode>
    <_transmissionRate>10000 Mb/s</_transmissionRate>
    <_transmissionDistance>78.000000 m</_transmissionDistance>
    <_maxTransmissionDistanceSmfKm>1000 m</_maxTransmissionDistanceSmfKm>
    <_maxTransmissionDistanceSmf>1400 m</_maxTransmissionDistanceSmf>
    <_maxTransmissionDistance50U>NotSupported</_maxTransmissionDistance50U>
    <_maxTransmissionDistance625U>NotSupported</_maxTransmissionDistance625U>
    <_maxTransmissionDistanceCopper>NotSupported</_maxTransmissionDistanceCopper>
    <_maxTransmissionDistanceOm3>NotSupported</_maxTransmissionDistanceOm3>
    <_txPwrHiAlmThreshold>2 dBm</_txPwrHiAlmThreshold>
    <_txPwrLoAlmThreshold>-10 dBm</_txPwrLoAlmThreshold>
    <_txPwrHiWarnThreshold>0 dBm</_txPwrHiWarnThreshold>
    <_txPwrLoWarnThreshold>-8 dBm</_txPwrLoWarnThreshold>
    <_rxPwrHiAlmThreshold>3 dBm</_rxPwrHiAlmThreshold>
    <_rxPwrLoAlmThreshold>-16 dBm</_rxPwrLoAlmThreshold>
    <_rxPwrHiWarnThreshold>0 dBm</_rxPwrHiWarnThreshold>
    <_rxPwrLoWarnThreshold>-14 dBm</_rxPwrLoWarnThreshold>
    <_tempHiAlmThreshold>88 C</_tempHiAlmThreshold>
    <_tempLoAlmThreshold>-43 C</_tempLoAlmThreshold>
    <_temperature>30 C</_temperature>
    <_txVoltage>3297 mV</_txVoltage>
    <_txCurrent>40 mA</_txCurrent>
    <_txPower>-2 dBm</_txPower>
    <_rxPower>-4 dBm</_rxPower>
  </SFP>
  <SFP>
    <_distname>MRBTS-256087/EQM-1/APEQM-1/CABINET-1/BBMOD-3/SFP-7</_distname>
    <_physicalPort>RF3-3</_physicalPort>
    <_sfpVendor>WTD_RTXM228-702</_sfpVendor>
    <_sfpSerialNumber>FR172810259</_sfpSerialNumber>
    <_sfpType>LC</_sfpType>
    <_waveLength>1310 nm</_waveLength>
    <_transmissionMode>NotSupported</_transmissionMode>
    <_transmissionRate>10000 Mb/s</_transmissionRate>
    <_transmissionDistance>78.000000 m</_transmissionDistance>
    <_maxTransmissionDistanceSmfKm>1000 m</_maxTransmissionDistanceSmfKm>
    <_maxTransmissionDistanceSmf>1400 m</_maxTransmissionDistanceSmf>
    <_maxTransmissionDistance50U>NotSupported</_maxTransmissionDistance50U>
    <_maxTransmissionDistance625U>NotSupported</_maxTransmissionDistance625U>
    <_maxTransmissionDistanceCopper>NotSupported</_maxTransmissionDistanceCopper>
    <_maxTransmissionDistanceOm3>NotSupported</_maxTransmissionDistanceOm3>
    <_txPwrHiAlmThreshold>2 dBm</_txPwrHiAlmThreshold>
    <_txPwrLoAlmThreshold>-10 dBm</_txPwrLoAlmThreshold>
    <_txPwrHiWarnThreshold>0 dBm</_txPwrHiWarnThreshold>
    <_txPwrLoWarnThreshold>-8 dBm</_txPwrLoWarnThreshold>
    <_rxPwrHiAlmThreshold>3 dBm</_rxPwrHiAlmThreshold>
    <_rxPwrLoAlmThreshold>-16 dBm</_rxPwrLoAlmThreshold>
    <_rxPwrHiWarnThreshold>0 dBm</_rxPwrHiWarnThreshold>
    <_rxPwrLoWarnThreshold>-14 dBm</_rxPwrLoWarnThreshold>
    <_tempHiAlmThreshold>88 C</_tempHiAlmThreshold>
    <_tempLoAlmThreshold>-43 C</_tempLoAlmThreshold>
    <_temperature>39 C</_temperature>
    <_txVoltage>3204 mV</_txVoltage>
    <_txCurrent>42 mA</_txCurrent>
    <_txPower>-3 dBm</_txPower>
    <_rxPower>-3 dBm</_rxPower>
  </SFP>
  <SFP>
    <_distname>MRBTS-256087/EQM-1/APEQM-1/RMOD-5/SFP-8</_distname>
    <_physicalPort>OPT_IF1-1</_physicalPort>
    <_sfpVendor>WTD_RTXM228-702</_sfpVendor>
    <_sfpSerialNumber>FR172810264</_sfpSerialNumber>
    <_sfpType>LC</_sfpType>
    <_waveLength>1310 nm</_waveLength>
    <_transmissionMode>NotSupported</_transmissionMode>
    <_transmissionRate>10000 Mb/s</_transmissionRate>
    <_transmissionDistance>78.000000 m</_transmissionDistance>
    <_maxTransmissionDistanceSmfKm>1000 m</_maxTransmissionDistanceSmfKm>
    <_maxTransmissionDistanceSmf>1400 m</_maxTransmissionDistanceSmf>
    <_maxTransmissionDistance50U>NotSupported</_maxTransmissionDistance50U>
    <_maxTransmissionDistance625U>NotSupported</_maxTransmissionDistance625U>
    <_maxTransmissionDistanceCopper>NotSupported</_maxTransmissionDistanceCopper>
    <_maxTransmissionDistanceOm3>NotSupported</_maxTransmissionDistanceOm3>
    <_txPwrHiAlmThreshold>2 dBm</_txPwrHiAlmThreshold>
    <_txPwrLoAlmThreshold>-10 dBm</_txPwrLoAlmThreshold>
    <_txPwrHiWarnThreshold>0 dBm</_txPwrHiWarnThreshold>
    <_txPwrLoWarnThreshold>-8 dBm</_txPwrLoWarnThreshold>
    <_rxPwrHiAlmThreshold>3 dBm</_rxPwrHiAlmThreshold>
    <_rxPwrLoAlmThreshold>-16 dBm</_rxPwrLoAlmThreshold>
    <_rxPwrHiWarnThreshold>0 dBm</_rxPwrHiWarnThreshold>
    <_rxPwrLoWarnThreshold>-14 dBm</_rxPwrLoWarnThreshold>
    <_tempHiAlmThreshold>88 C</_tempHiAlmThreshold>
    <_tempLoAlmThreshold>-43 C</_tempLoAlmThreshold>
    <_temperature>38 C</_temperature>
    <_txVoltage>3281 mV</_txVoltage>
    <_txCurrent>42 mA</_txCurrent>
    <_txPower>-3 dBm</_txPower>
    <_rxPower>-5 dBm</_rxPower>
  </SFP>
  <SFP>
    <_distname>MRBTS-256087/EQM-1/APEQM-1/CABINET-1/BBMOD-3/SFP-8</_distname>
    <_physicalPort>RF2-2</_physicalPort>
    <_sfpVendor>WTD_RTXM228-702</_sfpVendor>
    <_sfpSerialNumber>FR170411957</_sfpSerialNumber>
    <_sfpType>LC</_sfpType>
    <_waveLength>1310 nm</_waveLength>
    <_transmissionMode>NotSupported</_transmissionMode>
    <_transmissionRate>10000 Mb/s</_transmissionRate>
    <_transmissionDistance>78.000000 m</_transmissionDistance>
    <_maxTransmissionDistanceSmfKm>1000 m</_maxTransmissionDistanceSmfKm>
    <_maxTransmissionDistanceSmf>1400 m</_maxTransmissionDistanceSmf>
    <_maxTransmissionDistance50U>NotSupported</_maxTransmissionDistance50U>
    <_maxTransmissionDistance625U>NotSupported</_maxTransmissionDistance625U>
    <_maxTransmissionDistanceCopper>NotSupported</_maxTransmissionDistanceCopper>
    <_maxTransmissionDistanceOm3>NotSupported</_maxTransmissionDistanceOm3>
    <_txPwrHiAlmThreshold>2 dBm</_txPwrHiAlmThreshold>
    <_txPwrLoAlmThreshold>-10 dBm</_txPwrLoAlmThreshold>
    <_txPwrHiWarnThreshold>0 dBm</_txPwrHiWarnThreshold>
    <_txPwrLoWarnThreshold>-8 dBm</_txPwrLoWarnThreshold>
    <_rxPwrHiAlmThreshold>3 dBm</_rxPwrHiAlmThreshold>
    <_rxPwrLoAlmThreshold>-16 dBm</_rxPwrLoAlmThreshold>
    <_rxPwrHiWarnThreshold>0 dBm</_rxPwrHiWarnThreshold>
    <_rxPwrLoWarnThreshold>-14 dBm</_rxPwrLoWarnThreshold>
    <_tempHiAlmThreshold>88 C</_tempHiAlmThreshold>
    <_tempLoAlmThreshold>-43 C</_tempLoAlmThreshold>
    <_temperature>40 C</_temperature>
    <_txVoltage>3166 mV</_txVoltage>
    <_txCurrent>43 mA</_txCurrent>
    <_txPower>-3 dBm</_txPower>
    <_rxPower>-3 dBm</_rxPower>
  </SFP>
  <SFP>
    <_distname>MRBTS-256087/EQM-1/APEQM-1/RMOD-4/SFP-9</_distname>
    <_physicalPort>OPT_IF1-1</_physicalPort>
    <_sfpVendor>WTD_RTXM228-702</_sfpVendor>
    <_sfpSerialNumber>FR172810263</_sfpSerialNumber>
    <_sfpType>LC</_sfpType>
    <_waveLength>1310 nm</_waveLength>
    <_transmissionMode>NotSupported</_transmissionMode>
    <_transmissionRate>10000 Mb/s</_transmissionRate>
    <_transmissionDistance>78.000000 m</_transmissionDistance>
    <_maxTransmissionDistanceSmfKm>1000 m</_maxTransmissionDistanceSmfKm>
    <_maxTransmissionDistanceSmf>1400 m</_maxTransmissionDistanceSmf>
    <_maxTransmissionDistance50U>NotSupported</_maxTransmissionDistance50U>
    <_maxTransmissionDistance625U>NotSupported</_maxTransmissionDistance625U>
    <_maxTransmissionDistanceCopper>NotSupported</_maxTransmissionDistanceCopper>
    <_maxTransmissionDistanceOm3>NotSupported</_maxTransmissionDistanceOm3>
    <_txPwrHiAlmThreshold>2 dBm</_txPwrHiAlmThreshold>
    <_txPwrLoAlmThreshold>-10 dBm</_txPwrLoAlmThreshold>
    <_txPwrHiWarnThreshold>0 dBm</_txPwrHiWarnThreshold>
    <_txPwrLoWarnThreshold>-8 dBm</_txPwrLoWarnThreshold>
    <_rxPwrHiAlmThreshold>3 dBm</_rxPwrHiAlmThreshold>
    <_rxPwrLoAlmThreshold>-16 dBm</_rxPwrLoAlmThreshold>
    <_rxPwrHiWarnThreshold>0 dBm</_rxPwrHiWarnThreshold>
    <_rxPwrLoWarnThreshold>-14 dBm</_rxPwrLoWarnThreshold>
    <_tempHiAlmThreshold>88 C</_tempHiAlmThreshold>
    <_tempLoAlmThreshold>-43 C</_tempLoAlmThreshold>
    <_temperature>35 C</_temperature>
    <_txVoltage>3278 mV</_txVoltage>
    <_txCurrent>41 mA</_txCurrent>
    <_txPower>-4 dBm</_txPower>
    <_rxPower>-4 dBm</_rxPower>
  </SFP>
  <SFP>
    <_distname>MRBTS-256087/EQM-1/APEQM-1/CABINET-1/BBMOD-3/SFP-9</_distname>
    <_physicalPort>RF1-1</_physicalPort>
    <_sfpVendor>WTD_RTXM228-702</_sfpVendor>
    <_sfpSerialNumber>FR172810258</_sfpSerialNumber>
    <_sfpType>LC</_sfpType>
    <_waveLength>1310 nm</_waveLength>
    <_transmissionMode>NotSupported</_transmissionMode>
    <_transmissionRate>10000 Mb/s</_transmissionRate>
    <_transmissionDistance>78.000000 m</_transmissionDistance>
    <_maxTransmissionDistanceSmfKm>1000 m</_maxTransmissionDistanceSmfKm>
    <_maxTransmissionDistanceSmf>1400 m</_maxTransmissionDistanceSmf>
    <_maxTransmissionDistance50U>NotSupported</_maxTransmissionDistance50U>
    <_maxTransmissionDistance625U>NotSupported</_maxTransmissionDistance625U>
    <_maxTransmissionDistanceCopper>NotSupported</_maxTransmissionDistanceCopper>
    <_maxTransmissionDistanceOm3>NotSupported</_maxTransmissionDistanceOm3>
    <_txPwrHiAlmThreshold>2 dBm</_txPwrHiAlmThreshold>
    <_txPwrLoAlmThreshold>-10 dBm</_txPwrLoAlmThreshold>
    <_txPwrHiWarnThreshold>0 dBm</_txPwrHiWarnThreshold>
    <_txPwrLoWarnThreshold>-8 dBm</_txPwrLoWarnThreshold>
    <_rxPwrHiAlmThreshold>3 dBm</_rxPwrHiAlmThreshold>
    <_rxPwrLoAlmThreshold>-16 dBm</_rxPwrLoAlmThreshold>
    <_rxPwrHiWarnThreshold>0 dBm</_rxPwrHiWarnThreshold>
    <_rxPwrLoWarnThreshold>-14 dBm</_rxPwrLoWarnThreshold>
    <_tempHiAlmThreshold>88 C</_tempHiAlmThreshold>
    <_tempLoAlmThreshold>-43 C</_tempLoAlmThreshold>
    <_temperature>40 C</_temperature>
    <_txVoltage>3183 mV</_txVoltage>
    <_txCurrent>43 mA</_txCurrent>
    <_txPower>-4 dBm</_txPower>
    <_rxPower>-4 dBm</_rxPower>
  </SFP>
</SFPDiagnosticDataMonitoringNotification>
