<?xml version="1.0" encoding="UTF-8" standalone="no"?>
<SFPDiagnosticDataMonitoringNotification>
  <Cablink>
    <_endPoint1>MRBTS-256094/EQM-1/APEQM-1/RMOD-2/SFP-1</_endPoint1>
    <_endPoint2>MRBTS-256094/EQM-1/APEQM-1/CABINET-1/SMOD-1/SFP-1</_endPoint2>
    <_linkType>CPRILink</_linkType>
    <_linkSpeed>9830 Mb/s</_linkSpeed>
    <_ber>0</_ber>
    <_lcv>0</_lcv>
  </Cablink>
  <Cablink>
    <_endPoint1>MRBTS-256094/EQM-1/APEQM-1/RMOD-1/SFP-2</_endPoint1>
    <_endPoint2>MRBTS-256094/EQM-1/APEQM-1/CABINET-1/SMOD-1/SFP-2</_endPoint2>
    <_linkType>CPRILink</_linkType>
    <_linkSpeed>9830 Mb/s</_linkSpeed>
    <_ber>0</_ber>
    <_lcv>0</_lcv>
  </Cablink>
  <Cablink>
    <_endPoint1>MRBTS-256094/EQM-1/APEQM-1/RMOD-3/SFP-3</_endPoint1>
    <_endPoint2>MRBTS-256094/EQM-1/APEQM-1/CABINET-1/SMOD-1/SFP-3</_endPoint2>
    <_linkType>CPRILink</_linkType>
    <_linkSpeed>9830 Mb/s</_linkSpeed>
    <_ber>0</_ber>
    <_lcv>0</_lcv>
  </Cablink>
  <SFP>
    <_distname>MRBTS-256094/EQM-1/APEQM-1/RMOD-2/SFP-1</_distname>
    <_physicalPort>OPT_IF1-1</_physicalPort>
    <_sfpVendor>HGGENUINE_MTRS-1E21-04</_sfpVendor>
    <_sfpSerialNumber>MB17330340065  </_sfpSerialNumber>
    <_sfpType>LC</_sfpType>
    <_waveLength>1310 nm</_waveLength>
    <_transmissionMode>NotSupported</_transmissionMode>
    <_transmissionRate>9900 Mb/s</_transmissionRate>
    <_transmissionDistance>262.000000 m</_transmissionDistance>
    <_maxTransmissionDistanceSmfKm>2000 m</_maxTransmissionDistanceSmfKm>
    <_maxTransmissionDistanceSmf>1400 m</_maxTransmissionDistanceSmf>
    <_maxTransmissionDistance50U>NotSupported</_maxTransmissionDistance50U>
    <_maxTransmissionDistance625U>NotSupported</_maxTransmissionDistance625U>
    <_maxTransmissionDistanceCopper>NotSupported</_maxTransmissionDistanceCopper>
    <_maxTransmissionDistanceOm3>NotSupported</_maxTransmissionDistanceOm3>
    <_txPwrHiAlmThreshold>NotSupported</_txPwrHiAlmThreshold>
    <_txPwrLoAlmThreshold>NotSupported</_txPwrLoAlmThreshold>
    <_txPwrHiWarnThreshold>NotSupported</_txPwrHiWarnThreshold>
    <_txPwrLoWarnThreshold>NotSupported</_txPwrLoWarnThreshold>
    <_rxPwrHiAlmThreshold>NotSupported</_rxPwrHiAlmThreshold>
    <_rxPwrLoAlmThreshold>NotSupported</_rxPwrLoAlmThreshold>
    <_rxPwrHiWarnThreshold>NotSupported</_rxPwrHiWarnThreshold>
    <_rxPwrLoWarnThreshold>NotSupported</_rxPwrLoWarnThreshold>
    <_tempHiAlmThreshold>NotSupported</_tempHiAlmThreshold>
    <_tempLoAlmThreshold>NotSupported</_tempLoAlmThreshold>
    <_temperature>33 C</_temperature>
    <_txVoltage>3312 mV</_txVoltage>
    <_txCurrent>46 mA</_txCurrent>
    <_txPower>-2 dBm</_txPower>
    <_rxPower>-9 dBm</_rxPower>
  </SFP>
  <SFP>
    <_distname>MRBTS-256094/EQM-1/APEQM-1/CABINET-1/SMOD-1/SFP-1</_distname>
    <_physicalPort>RFEXT3_10G-3</_physicalPort>
    <_sfpVendor>HGGENUINE_MTRS-1E21-01</_sfpVendor>
    <_sfpSerialNumber>MB14200361158</_sfpSerialNumber>
    <_sfpType>LC</_sfpType>
    <_waveLength>1310 nm</_waveLength>
    <_transmissionMode>NotSupported</_transmissionMode>
    <_transmissionRate>9900 Mb/s</_transmissionRate>
    <_transmissionDistance>262.000000 m</_transmissionDistance>
    <_maxTransmissionDistanceSmfKm>2000 m</_maxTransmissionDistanceSmfKm>
    <_maxTransmissionDistanceSmf>1400 m</_maxTransmissionDistanceSmf>
    <_maxTransmissionDistance50U>NotSupported</_maxTransmissionDistance50U>
    <_maxTransmissionDistance625U>NotSupported</_maxTransmissionDistance625U>
    <_maxTransmissionDistanceCopper>NotSupported</_maxTransmissionDistanceCopper>
    <_maxTransmissionDistanceOm3>NotSupported</_maxTransmissionDistanceOm3>
    <_txPwrHiAlmThreshold>3 dBm</_txPwrHiAlmThreshold>
    <_txPwrLoAlmThreshold>-10 dBm</_txPwrLoAlmThreshold>
    <_txPwrHiWarnThreshold>0 dBm</_txPwrHiWarnThreshold>
    <_txPwrLoWarnThreshold>-8 dBm</_txPwrLoWarnThreshold>
    <_rxPwrHiAlmThreshold>3 dBm</_rxPwrHiAlmThreshold>
    <_rxPwrLoAlmThreshold>-16 dBm</_rxPwrLoAlmThreshold>
    <_rxPwrHiWarnThreshold>0 dBm</_rxPwrHiWarnThreshold>
    <_rxPwrLoWarnThreshold>-14 dBm</_rxPwrLoWarnThreshold>
    <_tempHiAlmThreshold>95 C</_tempHiAlmThreshold>
    <_tempLoAlmThreshold>-50 C</_tempLoAlmThreshold>
    <_temperature>28 C</_temperature>
    <_txVoltage>3273 mV</_txVoltage>
    <_txCurrent>41 mA</_txCurrent>
    <_txPower>-5 dBm</_txPower>
    <_rxPower>-2 dBm</_rxPower>
  </SFP>
  <SFP>
    <_distname>MRBTS-256094/EQM-1/APEQM-1/RMOD-1/SFP-2</_distname>
    <_physicalPort>OPT_IF1-1</_physicalPort>
    <_sfpVendor>HGGENUINE_MTRS-1E21-01</_sfpVendor>
    <_sfpSerialNumber>MB15330010029  </_sfpSerialNumber>
    <_sfpType>LC</_sfpType>
    <_waveLength>1310 nm</_waveLength>
    <_transmissionMode>NotSupported</_transmissionMode>
    <_transmissionRate>9900 Mb/s</_transmissionRate>
    <_transmissionDistance>276.000000 m</_transmissionDistance>
    <_maxTransmissionDistanceSmfKm>2000 m</_maxTransmissionDistanceSmfKm>
    <_maxTransmissionDistanceSmf>1400 m</_maxTransmissionDistanceSmf>
    <_maxTransmissionDistance50U>NotSupported</_maxTransmissionDistance50U>
    <_maxTransmissionDistance625U>NotSupported</_maxTransmissionDistance625U>
    <_maxTransmissionDistanceCopper>NotSupported</_maxTransmissionDistanceCopper>
    <_maxTransmissionDistanceOm3>NotSupported</_maxTransmissionDistanceOm3>
    <_txPwrHiAlmThreshold>NotSupported</_txPwrHiAlmThreshold>
    <_txPwrLoAlmThreshold>NotSupported</_txPwrLoAlmThreshold>
    <_txPwrHiWarnThreshold>NotSupported</_txPwrHiWarnThreshold>
    <_txPwrLoWarnThreshold>NotSupported</_txPwrLoWarnThreshold>
    <_rxPwrHiAlmThreshold>NotSupported</_rxPwrHiAlmThreshold>
    <_rxPwrLoAlmThreshold>NotSupported</_rxPwrLoAlmThreshold>
    <_rxPwrHiWarnThreshold>NotSupported</_rxPwrHiWarnThreshold>
    <_rxPwrLoWarnThreshold>NotSupported</_rxPwrLoWarnThreshold>
    <_tempHiAlmThreshold>NotSupported</_tempHiAlmThreshold>
    <_tempLoAlmThreshold>NotSupported</_tempLoAlmThreshold>
    <_temperature>26 C</_temperature>
    <_txVoltage>3278 mV</_txVoltage>
    <_txCurrent>38 mA</_txCurrent>
    <_txPower>-4 dBm</_txPower>
    <_rxPower>-5 dBm</_rxPower>
  </SFP>
  <SFP>
    <_distname>MRBTS-256094/EQM-1/APEQM-1/CABINET-1/SMOD-1/SFP-2</_distname>
    <_physicalPort>RFEXT1_10G-19</_physicalPort>
    <_sfpVendor>HGGENUINE_MTRS-1E21-01</_sfpVendor>
    <_sfpSerialNumber>MB14200310245</_sfpSerialNumber>
    <_sfpType>LC</_sfpType>
    <_waveLength>1310 nm</_waveLength>
    <_transmissionMode>NotSupported</_transmissionMode>
    <_transmissionRate>9900 Mb/s</_transmissionRate>
    <_transmissionDistance>276.000000 m</_transmissionDistance>
    <_maxTransmissionDistanceSmfKm>2000 m</_maxTransmissionDistanceSmfKm>
    <_maxTransmissionDistanceSmf>1400 m</_maxTransmissionDistanceSmf>
    <_maxTransmissionDistance50U>NotSupported</_maxTransmissionDistance50U>
    <_maxTransmissionDistance625U>NotSupported</_maxTransmissionDistance625U>
    <_maxTransmissionDistanceCopper>NotSupported</_maxTransmissionDistanceCopper>
    <_maxTransmissionDistanceOm3>NotSupported</_maxTransmissionDistanceOm3>
    <_txPwrHiAlmThreshold>3 dBm</_txPwrHiAlmThreshold>
    <_txPwrLoAlmThreshold>-10 dBm</_txPwrLoAlmThreshold>
    <_txPwrHiWarnThreshold>0 dBm</_txPwrHiWarnThreshold>
    <_txPwrLoWarnThreshold>-8 dBm</_txPwrLoWarnThreshold>
    <_rxPwrHiAlmThreshold>3 dBm</_rxPwrHiAlmThreshold>
    <_rxPwrLoAlmThreshold>-16 dBm</_rxPwrLoAlmThreshold>
    <_rxPwrHiWarnThreshold>0 dBm</_rxPwrHiWarnThreshold>
    <_rxPwrLoWarnThreshold>-14 dBm</_rxPwrLoWarnThreshold>
    <_tempHiAlmThreshold>95 C</_tempHiAlmThreshold>
    <_tempLoAlmThreshold>-50 C</_tempLoAlmThreshold>
    <_temperature>27 C</_temperature>
    <_txVoltage>3283 mV</_txVoltage>
    <_txCurrent>40 mA</_txCurrent>
    <_txPower>-4 dBm</_txPower>
    <_rxPower>-5 dBm</_rxPower>
  </SFP>
  <SFP>
    <_distname>MRBTS-256094/EQM-1/APEQM-1/RMOD-3/SFP-3</_distname>
    <_physicalPort>OPT_IF1-1</_physicalPort>
    <_sfpVendor>HGGENUINE_MTRS-1E21-01</_sfpVendor>
    <_sfpSerialNumber>MB16128010280  </_sfpSerialNumber>
    <_sfpType>LC</_sfpType>
    <_waveLength>1310 nm</_waveLength>
    <_transmissionMode>NotSupported</_transmissionMode>
    <_transmissionRate>9900 Mb/s</_transmissionRate>
    <_transmissionDistance>263.000000 m</_transmissionDistance>
    <_maxTransmissionDistanceSmfKm>2000 m</_maxTransmissionDistanceSmfKm>
    <_maxTransmissionDistanceSmf>1400 m</_maxTransmissionDistanceSmf>
    <_maxTransmissionDistance50U>NotSupported</_maxTransmissionDistance50U>
    <_maxTransmissionDistance625U>NotSupported</_maxTransmissionDistance625U>
    <_maxTransmissionDistanceCopper>NotSupported</_maxTransmissionDistanceCopper>
    <_maxTransmissionDistanceOm3>NotSupported</_maxTransmissionDistanceOm3>
    <_txPwrHiAlmThreshold>NotSupported</_txPwrHiAlmThreshold>
    <_txPwrLoAlmThreshold>NotSupported</_txPwrLoAlmThreshold>
    <_txPwrHiWarnThreshold>NotSupported</_txPwrHiWarnThreshold>
    <_txPwrLoWarnThreshold>NotSupported</_txPwrLoWarnThreshold>
    <_rxPwrHiAlmThreshold>NotSupported</_rxPwrHiAlmThreshold>
    <_rxPwrLoAlmThreshold>NotSupported</_rxPwrLoAlmThreshold>
    <_rxPwrHiWarnThreshold>NotSupported</_rxPwrHiWarnThreshold>
    <_rxPwrLoWarnThreshold>NotSupported</_rxPwrLoWarnThreshold>
    <_tempHiAlmThreshold>NotSupported</_tempHiAlmThreshold>
    <_tempLoAlmThreshold>NotSupported</_tempLoAlmThreshold>
    <_temperature>28 C</_temperature>
    <_txVoltage>3331 mV</_txVoltage>
    <_txCurrent>45 mA</_txCurrent>
    <_txPower>-3 dBm</_txPower>
    <_rxPower>-7 dBm</_rxPower>
  </SFP>
  <SFP>
    <_distname>MRBTS-256094/EQM-1/APEQM-1/CABINET-1/SMOD-1/SFP-3</_distname>
    <_physicalPort>RFEXT5_10G-5</_physicalPort>
    <_sfpVendor>HGGENUINE_MTRS-1E21-01</_sfpVendor>
    <_sfpSerialNumber>MB16148021886</_sfpSerialNumber>
    <_sfpType>LC</_sfpType>
    <_waveLength>1310 nm</_waveLength>
    <_transmissionMode>NotSupported</_transmissionMode>
    <_transmissionRate>9900 Mb/s</_transmissionRate>
    <_transmissionDistance>263.000000 m</_transmissionDistance>
    <_maxTransmissionDistanceSmfKm>2000 m</_maxTransmissionDistanceSmfKm>
    <_maxTransmissionDistanceSmf>1400 m</_maxTransmissionDistanceSmf>
    <_maxTransmissionDistance50U>NotSupported</_maxTransmissionDistance50U>
    <_maxTransmissionDistance625U>NotSupported</_maxTransmissionDistance625U>
    <_maxTransmissionDistanceCopper>NotSupported</_maxTransmissionDistanceCopper>
    <_maxTransmissionDistanceOm3>NotSupported</_maxTransmissionDistanceOm3>
    <_txPwrHiAlmThreshold>1 dBm</_txPwrHiAlmThreshold>
    <_txPwrLoAlmThreshold>-10 dBm</_txPwrLoAlmThreshold>
    <_txPwrHiWarnThreshold>0 dBm</_txPwrHiWarnThreshold>
    <_txPwrLoWarnThreshold>-8 dBm</_txPwrLoWarnThreshold>
    <_rxPwrHiAlmThreshold>1 dBm</_rxPwrHiAlmThreshold>
    <_rxPwrLoAlmThreshold>-18 dBm</_rxPwrLoAlmThreshold>
    <_rxPwrHiWarnThreshold>0 dBm</_rxPwrHiWarnThreshold>
    <_rxPwrLoWarnThreshold>-14 dBm</_rxPwrLoWarnThreshold>
    <_tempHiAlmThreshold>100 C</_tempHiAlmThreshold>
    <_tempLoAlmThreshold>-50 C</_tempLoAlmThreshold>
    <_temperature>30 C</_temperature>
    <_txVoltage>3283 mV</_txVoltage>
    <_txCurrent>45 mA</_txCurrent>
    <_txPower>-5 dBm</_txPower>
    <_rxPower>-4 dBm</_rxPower>
  </SFP>
</SFPDiagnosticDataMonitoringNotification>
